,movies,year,imdb,metascore,nv
0,Gladiator,2000,8.5,67.0,1352094
1,Memento,2000,8.4,80.0,1134029
2,Requiem for a Dream,2000,8.3,68.0,772932
3,X-Men,2000,7.4,64.0,574042
4,Cast Away,2000,7.8,73.0,528867
5,American Psycho,2000,7.6,64.0,497778
6,Unbreakable,2000,7.3,62.0,389327
7,Meet the Parents,2000,7.0,73.0,312644
8,"O Brother, Where Art Thou?",2000,7.7,69.0,289510
9,The Patriot,2000,7.2,63.0,255925
10,Wo hu cang long,2000,7.8,94.0,254603
11,Almost Famous,2000,7.9,90.0,254424
12,Amores perros,2000,8.1,83.0,225196
13,Traffic,2000,7.6,86.0,196726
14,The Emperor's New Groove,2000,7.4,70.0,182197
15,Chocolat,2000,7.2,64.0,178633
16,Chicken Run,2000,7.0,88.0,178060
17,Erin Brockovich,2000,7.4,73.0,176461
18,Batoru rowaiaru,2000,7.6,81.0,169957
19,High Fidelity,2000,7.5,79.0,169349
20,Billy Elliot,2000,7.7,74.0,127486
21,Fa yeung nin wah,2000,8.1,85.0,126366
22,Shanghai Noon,2000,6.6,77.0,119917
23,Gladiator,2000,8.5,67.0,1352094
24,Memento,2000,8.4,80.0,1134029
25,Requiem for a Dream,2000,8.3,68.0,772932
26,X-Men,2000,7.4,64.0,574042
27,Cast Away,2000,7.8,73.0,528867
28,American Psycho,2000,7.6,64.0,497778
29,Unbreakable,2000,7.3,62.0,389327
30,Meet the Parents,2000,7.0,73.0,312644
31,"O Brother, Where Art Thou?",2000,7.7,69.0,289510
32,The Patriot,2000,7.2,63.0,255925
33,Wo hu cang long,2000,7.8,94.0,254603
34,Almost Famous,2000,7.9,90.0,254424
35,Amores perros,2000,8.1,83.0,225196
36,Traffic,2000,7.6,86.0,196726
37,The Emperor's New Groove,2000,7.4,70.0,182197
38,Chocolat,2000,7.2,64.0,178633
39,Chicken Run,2000,7.0,88.0,178060
40,Erin Brockovich,2000,7.4,73.0,176461
41,Batoru rowaiaru,2000,7.6,81.0,169957
42,High Fidelity,2000,7.5,79.0,169349
43,Billy Elliot,2000,7.7,74.0,127486
44,Fa yeung nin wah,2000,8.1,85.0,126366
45,Shanghai Noon,2000,6.6,77.0,119917
46,Gladiator,2000,8.5,67.0,1352094
47,Memento,2000,8.4,80.0,1134029
48,Requiem for a Dream,2000,8.3,68.0,772932
49,X-Men,2000,7.4,64.0,574042
50,Cast Away,2000,7.8,73.0,528867
51,American Psycho,2000,7.6,64.0,497778
52,Unbreakable,2000,7.3,62.0,389327
53,Meet the Parents,2000,7.0,73.0,312644
54,"O Brother, Where Art Thou?",2000,7.7,69.0,289510
55,The Patriot,2000,7.2,63.0,255925
56,Wo hu cang long,2000,7.8,94.0,254603
57,Almost Famous,2000,7.9,90.0,254424
58,Amores perros,2000,8.1,83.0,225196
59,Traffic,2000,7.6,86.0,196726
60,The Emperor's New Groove,2000,7.4,70.0,182197
61,Chocolat,2000,7.2,64.0,178633
62,Chicken Run,2000,7.0,88.0,178060
63,Erin Brockovich,2000,7.4,73.0,176461
64,Batoru rowaiaru,2000,7.6,81.0,169957
65,High Fidelity,2000,7.5,79.0,169349
66,Billy Elliot,2000,7.7,74.0,127486
67,Fa yeung nin wah,2000,8.1,85.0,126366
68,Shanghai Noon,2000,6.6,77.0,119917
69,Gladiator,2000,8.5,67.0,1352094
70,Memento,2000,8.4,80.0,1134029
71,Requiem for a Dream,2000,8.3,68.0,772932
72,X-Men,2000,7.4,64.0,574042
73,Cast Away,2000,7.8,73.0,528867
74,American Psycho,2000,7.6,64.0,497778
75,Unbreakable,2000,7.3,62.0,389327
76,Meet the Parents,2000,7.0,73.0,312644
77,"O Brother, Where Art Thou?",2000,7.7,69.0,289510
78,The Patriot,2000,7.2,63.0,255925
79,Wo hu cang long,2000,7.8,94.0,254603
80,Almost Famous,2000,7.9,90.0,254424
81,Amores perros,2000,8.1,83.0,225196
82,Traffic,2000,7.6,86.0,196726
83,The Emperor's New Groove,2000,7.4,70.0,182197
84,Chocolat,2000,7.2,64.0,178633
85,Chicken Run,2000,7.0,88.0,178060
86,Erin Brockovich,2000,7.4,73.0,176461
87,Batoru rowaiaru,2000,7.6,81.0,169957
88,High Fidelity,2000,7.5,79.0,169349
89,Billy Elliot,2000,7.7,74.0,127486
90,Fa yeung nin wah,2000,8.1,85.0,126366
91,Shanghai Noon,2000,6.6,77.0,119917
92,The Lord of the Rings: The Fellowship of the Ring,2001,8.8,92.0,1675179
93,A Beautiful Mind,2001,8.2,72.0,856126
94,"Monsters, Inc.",2001,8.1,79.0,822025
95,Donnie Darko,2001,8.0,88.0,744339
96,Amélie,2001,8.3,69.0,708134
97,Harry Potter and the Sorcerer's Stone,2001,7.6,64.0,665239
98,Sen to Chihiro no kamikakushi,2001,8.6,96.0,659822
99,Shrek,2001,7.8,84.0,617571
100,Ocean's Eleven,2001,7.7,74.0,520459
101,Training Day,2001,7.7,69.0,394922
102,Black Hawk Down,2001,7.7,74.0,366258
103,The Others,2001,7.6,74.0,339825
104,Mulholland Dr.,2001,7.9,85.0,324991
105,A.I. Artificial Intelligence,2001,7.2,65.0,291628
106,The Royal Tenenbaums,2001,7.6,76.0,268852
107,Moulin Rouge!,2001,7.6,66.0,268121
108,Zoolander,2001,6.5,61.0,247509
109,Bridget Jones's Diary,2001,6.7,66.0,227934
110,Spy Game,2001,7.1,63.0,146505
111,The Score,2001,6.8,71.0,121979
112,Y tu mamá también,2001,7.6,88.0,116497
113,Ghost World,2001,7.3,88.0,113573
114,The Lord of the Rings: The Fellowship of the Ring,2001,8.8,92.0,1675179
115,A Beautiful Mind,2001,8.2,72.0,856126
116,"Monsters, Inc.",2001,8.1,79.0,822025
117,Donnie Darko,2001,8.0,88.0,744339
118,Amélie,2001,8.3,69.0,708134
119,Harry Potter and the Sorcerer's Stone,2001,7.6,64.0,665239
120,Sen to Chihiro no kamikakushi,2001,8.6,96.0,659822
121,Shrek,2001,7.8,84.0,617571
122,Ocean's Eleven,2001,7.7,74.0,520459
123,Training Day,2001,7.7,69.0,394922
124,Black Hawk Down,2001,7.7,74.0,366258
125,The Others,2001,7.6,74.0,339825
126,Mulholland Dr.,2001,7.9,85.0,324991
127,A.I. Artificial Intelligence,2001,7.2,65.0,291628
128,The Royal Tenenbaums,2001,7.6,76.0,268852
129,Moulin Rouge!,2001,7.6,66.0,268121
130,Zoolander,2001,6.5,61.0,247509
131,Bridget Jones's Diary,2001,6.7,66.0,227934
132,Spy Game,2001,7.1,63.0,146505
133,The Score,2001,6.8,71.0,121979
134,Y tu mamá también,2001,7.6,88.0,116497
135,Ghost World,2001,7.3,88.0,113573
136,The Lord of the Rings: The Fellowship of the Ring,2001,8.8,92.0,1675179
137,A Beautiful Mind,2001,8.2,72.0,856126
138,"Monsters, Inc.",2001,8.1,79.0,822025
139,Donnie Darko,2001,8.0,88.0,744339
140,Amélie,2001,8.3,69.0,708134
141,Harry Potter and the Sorcerer's Stone,2001,7.6,64.0,665239
142,Sen to Chihiro no kamikakushi,2001,8.6,96.0,659822
143,Shrek,2001,7.8,84.0,617571
144,Ocean's Eleven,2001,7.7,74.0,520459
145,Training Day,2001,7.7,69.0,394922
146,Black Hawk Down,2001,7.7,74.0,366258
147,The Others,2001,7.6,74.0,339825
148,Mulholland Dr.,2001,7.9,85.0,324991
149,A.I. Artificial Intelligence,2001,7.2,65.0,291628
150,The Royal Tenenbaums,2001,7.6,76.0,268852
151,Moulin Rouge!,2001,7.6,66.0,268121
152,Zoolander,2001,6.5,61.0,247509
153,Bridget Jones's Diary,2001,6.7,66.0,227934
154,Spy Game,2001,7.1,63.0,146505
155,The Score,2001,6.8,71.0,121979
156,Y tu mamá también,2001,7.6,88.0,116497
157,Ghost World,2001,7.3,88.0,113573
158,The Lord of the Rings: The Fellowship of the Ring,2001,8.8,92.0,1675179
159,A Beautiful Mind,2001,8.2,72.0,856126
160,"Monsters, Inc.",2001,8.1,79.0,822025
161,Donnie Darko,2001,8.0,88.0,744339
162,Amélie,2001,8.3,69.0,708134
163,Harry Potter and the Sorcerer's Stone,2001,7.6,64.0,665239
164,Sen to Chihiro no kamikakushi,2001,8.6,96.0,659822
165,Shrek,2001,7.8,84.0,617571
166,Ocean's Eleven,2001,7.7,74.0,520459
167,Training Day,2001,7.7,69.0,394922
168,Black Hawk Down,2001,7.7,74.0,366258
169,The Others,2001,7.6,74.0,339825
170,Mulholland Dr.,2001,7.9,85.0,324991
171,A.I. Artificial Intelligence,2001,7.2,65.0,291628
172,The Royal Tenenbaums,2001,7.6,76.0,268852
173,Moulin Rouge!,2001,7.6,66.0,268121
174,Zoolander,2001,6.5,61.0,247509
175,Bridget Jones's Diary,2001,6.7,66.0,227934
176,Spy Game,2001,7.1,63.0,146505
177,The Score,2001,6.8,71.0,121979
178,Y tu mamá también,2001,7.6,88.0,116497
179,Ghost World,2001,7.3,88.0,113573
180,The Lord of the Rings: The Two Towers,2002,8.7,87.0,1497150
181,Catch Me If You Can,2002,8.1,75.0,843297
182,The Pianist,2002,8.5,85.0,737824
183,Cidade de Deus,2002,8.6,79.0,703758
184,Spider-Man,2002,7.3,73.0,692224
185,Harry Potter and the Chamber of Secrets,2002,7.4,63.0,559745
186,The Bourne Identity,2002,7.9,68.0,511541
187,Minority Report,2002,7.6,80.0,511255
188,Gangs of New York,2002,7.5,72.0,409014
189,28 Days Later...,2002,7.6,73.0,378896
190,Insomnia,2002,7.2,78.0,277071
191,Panic Room,2002,6.8,65.0,261060
192,8 Mile,2002,7.1,77.0,251515
193,Road to Perdition,2002,7.7,72.0,248499
194,Chicago,2002,7.2,81.0,217145
195,Austin Powers in Goldmember,2002,6.2,62.0,196540
196,Adaptation.,2002,7.7,83.0,179678
197,Ying xiong,2002,7.9,85.0,174516
198,About a Boy,2002,7.0,75.0,173691
199,25th Hour,2002,7.6,68.0,170352
200,Lilo & Stitch,2002,7.2,73.0,170064
201,Punch-Drunk Love,2002,7.3,78.0,148962
202,Bowling for Columbine,2002,7.9,72.0,140002
203,We Were Soldiers,2002,7.2,65.0,131071
204,The Count of Monte Cristo,2002,7.8,61.0,129681
205,The Hours,2002,7.5,80.0,125141
206,About Schmidt,2002,7.1,85.0,122950
207,My Big Fat Greek Wedding,2002,6.6,62.0,120442
208,The Lord of the Rings: The Two Towers,2002,8.7,87.0,1497150
209,Catch Me If You Can,2002,8.1,75.0,843297
210,The Pianist,2002,8.5,85.0,737824
211,Cidade de Deus,2002,8.6,79.0,703758
212,Spider-Man,2002,7.3,73.0,692224
213,Harry Potter and the Chamber of Secrets,2002,7.4,63.0,559745
214,The Bourne Identity,2002,7.9,68.0,511541
215,Minority Report,2002,7.6,80.0,511255
216,Gangs of New York,2002,7.5,72.0,409014
217,28 Days Later...,2002,7.6,73.0,378896
218,Insomnia,2002,7.2,78.0,277071
219,Panic Room,2002,6.8,65.0,261060
220,8 Mile,2002,7.1,77.0,251515
221,Road to Perdition,2002,7.7,72.0,248499
222,Chicago,2002,7.2,81.0,217145
223,Austin Powers in Goldmember,2002,6.2,62.0,196540
224,Adaptation.,2002,7.7,83.0,179678
225,Ying xiong,2002,7.9,85.0,174516
226,About a Boy,2002,7.0,75.0,173691
227,25th Hour,2002,7.6,68.0,170352
228,Lilo & Stitch,2002,7.2,73.0,170064
229,Punch-Drunk Love,2002,7.3,78.0,148962
230,Bowling for Columbine,2002,7.9,72.0,140002
231,We Were Soldiers,2002,7.2,65.0,131071
232,The Count of Monte Cristo,2002,7.8,61.0,129681
233,The Hours,2002,7.5,80.0,125141
234,About Schmidt,2002,7.1,85.0,122950
235,My Big Fat Greek Wedding,2002,6.6,62.0,120442
236,The Lord of the Rings: The Two Towers,2002,8.7,87.0,1497150
237,Catch Me If You Can,2002,8.1,75.0,843297
238,The Pianist,2002,8.5,85.0,737824
239,Cidade de Deus,2002,8.6,79.0,703758
240,Spider-Man,2002,7.3,73.0,692224
241,Harry Potter and the Chamber of Secrets,2002,7.4,63.0,559745
242,The Bourne Identity,2002,7.9,68.0,511541
243,Minority Report,2002,7.6,80.0,511255
244,Gangs of New York,2002,7.5,72.0,409014
245,28 Days Later...,2002,7.6,73.0,378896
246,Insomnia,2002,7.2,78.0,277071
247,Panic Room,2002,6.8,65.0,261060
248,8 Mile,2002,7.1,77.0,251515
249,Road to Perdition,2002,7.7,72.0,248499
250,Chicago,2002,7.2,81.0,217145
251,Austin Powers in Goldmember,2002,6.2,62.0,196540
252,Adaptation.,2002,7.7,83.0,179678
253,Ying xiong,2002,7.9,85.0,174516
254,About a Boy,2002,7.0,75.0,173691
255,25th Hour,2002,7.6,68.0,170352
256,Lilo & Stitch,2002,7.2,73.0,170064
257,Punch-Drunk Love,2002,7.3,78.0,148962
258,Bowling for Columbine,2002,7.9,72.0,140002
259,We Were Soldiers,2002,7.2,65.0,131071
260,The Count of Monte Cristo,2002,7.8,61.0,129681
261,The Hours,2002,7.5,80.0,125141
262,About Schmidt,2002,7.1,85.0,122950
263,My Big Fat Greek Wedding,2002,6.6,62.0,120442
264,The Lord of the Rings: The Two Towers,2002,8.7,87.0,1497150
265,Catch Me If You Can,2002,8.1,75.0,843297
266,The Pianist,2002,8.5,85.0,737824
267,Cidade de Deus,2002,8.6,79.0,703758
268,Spider-Man,2002,7.3,73.0,692224
269,Harry Potter and the Chamber of Secrets,2002,7.4,63.0,559745
270,The Bourne Identity,2002,7.9,68.0,511541
271,Minority Report,2002,7.6,80.0,511255
272,Gangs of New York,2002,7.5,72.0,409014
273,28 Days Later...,2002,7.6,73.0,378896
274,Insomnia,2002,7.2,78.0,277071
275,Panic Room,2002,6.8,65.0,261060
276,8 Mile,2002,7.1,77.0,251515
277,Road to Perdition,2002,7.7,72.0,248499
278,Chicago,2002,7.2,81.0,217145
279,Austin Powers in Goldmember,2002,6.2,62.0,196540
280,Adaptation.,2002,7.7,83.0,179678
281,Ying xiong,2002,7.9,85.0,174516
282,About a Boy,2002,7.0,75.0,173691
283,25th Hour,2002,7.6,68.0,170352
284,Lilo & Stitch,2002,7.2,73.0,170064
285,Punch-Drunk Love,2002,7.3,78.0,148962
286,Bowling for Columbine,2002,7.9,72.0,140002
287,We Were Soldiers,2002,7.2,65.0,131071
288,The Count of Monte Cristo,2002,7.8,61.0,129681
289,The Hours,2002,7.5,80.0,125141
290,About Schmidt,2002,7.1,85.0,122950
291,My Big Fat Greek Wedding,2002,6.6,62.0,120442
292,The Lord of the Rings: The Return of the King,2003,8.9,94.0,1655491
293,Pirates of the Caribbean: The Curse of the Black Pearl,2003,8.0,63.0,1019881
294,Kill Bill: Vol. 1,2003,8.1,69.0,1008469
295,Finding Nemo,2003,8.1,90.0,956123
296,Oldeuboi,2003,8.4,77.0,520393
297,The Matrix Reloaded,2003,7.2,62.0,519379
298,X2,2003,7.4,68.0,514543
299,Mystic River,2003,7.9,84.0,422002
300,Lost in Translation,2003,7.7,89.0,418633
301,Terminator 3: Rise of the Machines,2003,6.3,66.0,378898
302,The Italian Job,2003,7.0,68.0,344013
303,The School of Rock,2003,7.1,82.0,271447
304,Elf,2003,7.0,64.0,232565
305,Identity,2003,7.3,64.0,228889
306,21 Grams,2003,7.6,70.0,225586
307,Master and Commander: The Far Side of the World,2003,7.4,81.0,204165
308,Salinui chueok,2003,8.1,82.0,142911
309,Cold Mountain,2003,7.2,73.0,140549
310,Good Bye Lenin!,2003,7.7,68.0,138649
311,Monster,2003,7.3,74.0,137473
312,Bad Santa,2003,7.0,70.0,136058
313,Freaky Friday,2003,6.2,70.0,126296
314,Matchstick Men,2003,7.3,61.0,124163
315,The Lord of the Rings: The Return of the King,2003,8.9,94.0,1655491
316,Pirates of the Caribbean: The Curse of the Black Pearl,2003,8.0,63.0,1019881
317,Kill Bill: Vol. 1,2003,8.1,69.0,1008469
318,Finding Nemo,2003,8.1,90.0,956123
319,Oldeuboi,2003,8.4,77.0,520393
320,The Matrix Reloaded,2003,7.2,62.0,519379
321,X2,2003,7.4,68.0,514543
322,Mystic River,2003,7.9,84.0,422002
323,Lost in Translation,2003,7.7,89.0,418633
324,Terminator 3: Rise of the Machines,2003,6.3,66.0,378898
325,The Italian Job,2003,7.0,68.0,344013
326,The School of Rock,2003,7.1,82.0,271447
327,Elf,2003,7.0,64.0,232565
328,Identity,2003,7.3,64.0,228889
329,21 Grams,2003,7.6,70.0,225586
330,Master and Commander: The Far Side of the World,2003,7.4,81.0,204165
331,Salinui chueok,2003,8.1,82.0,142911
332,Cold Mountain,2003,7.2,73.0,140549
333,Good Bye Lenin!,2003,7.7,68.0,138649
334,Monster,2003,7.3,74.0,137473
335,Bad Santa,2003,7.0,70.0,136058
336,Freaky Friday,2003,6.2,70.0,126296
337,Matchstick Men,2003,7.3,61.0,124163
338,The Lord of the Rings: The Return of the King,2003,8.9,94.0,1655491
339,Pirates of the Caribbean: The Curse of the Black Pearl,2003,8.0,63.0,1019881
340,Kill Bill: Vol. 1,2003,8.1,69.0,1008469
341,Finding Nemo,2003,8.1,90.0,956123
342,Oldeuboi,2003,8.4,77.0,520393
343,The Matrix Reloaded,2003,7.2,62.0,519379
344,X2,2003,7.4,68.0,514543
345,Mystic River,2003,7.9,84.0,422002
346,Lost in Translation,2003,7.7,89.0,418633
347,Terminator 3: Rise of the Machines,2003,6.3,66.0,378898
348,The Italian Job,2003,7.0,68.0,344013
349,The School of Rock,2003,7.1,82.0,271447
350,Elf,2003,7.0,64.0,232565
351,Identity,2003,7.3,64.0,228889
352,21 Grams,2003,7.6,70.0,225586
353,Master and Commander: The Far Side of the World,2003,7.4,81.0,204165
354,Salinui chueok,2003,8.1,82.0,142911
355,Cold Mountain,2003,7.2,73.0,140549
356,Good Bye Lenin!,2003,7.7,68.0,138649
357,Monster,2003,7.3,74.0,137473
358,Bad Santa,2003,7.0,70.0,136058
359,Freaky Friday,2003,6.2,70.0,126296
360,Matchstick Men,2003,7.3,61.0,124163
361,The Lord of the Rings: The Return of the King,2003,8.9,94.0,1655491
362,Pirates of the Caribbean: The Curse of the Black Pearl,2003,8.0,63.0,1019881
363,Kill Bill: Vol. 1,2003,8.1,69.0,1008469
364,Finding Nemo,2003,8.1,90.0,956123
365,Oldeuboi,2003,8.4,77.0,520393
366,The Matrix Reloaded,2003,7.2,62.0,519379
367,X2,2003,7.4,68.0,514543
368,Mystic River,2003,7.9,84.0,422002
369,Lost in Translation,2003,7.7,89.0,418633
370,Terminator 3: Rise of the Machines,2003,6.3,66.0,378898
371,The Italian Job,2003,7.0,68.0,344013
372,The School of Rock,2003,7.1,82.0,271447
373,Elf,2003,7.0,64.0,232565
374,Identity,2003,7.3,64.0,228889
375,21 Grams,2003,7.6,70.0,225586
376,Master and Commander: The Far Side of the World,2003,7.4,81.0,204165
377,Salinui chueok,2003,8.1,82.0,142911
378,Cold Mountain,2003,7.2,73.0,140549
379,Good Bye Lenin!,2003,7.7,68.0,138649
380,Monster,2003,7.3,74.0,137473
381,Bad Santa,2003,7.0,70.0,136058
382,Freaky Friday,2003,6.2,70.0,126296
383,Matchstick Men,2003,7.3,61.0,124163
384,Eternal Sunshine of the Spotless Mind,2004,8.3,89.0,918381
385,Kill Bill: Vol. 2,2004,8.0,83.0,688749
386,The Incredibles,2004,8.0,90.0,661378
387,Million Dollar Baby,2004,8.1,86.0,640301
388,Harry Potter and the Prisoner of Azkaban,2004,7.9,82.0,557525
389,Spider-Man 2,2004,7.3,83.0,547808
390,Shaun of the Dead,2004,7.9,76.0,515235
391,The Bourne Supremacy,2004,7.7,73.0,436975
392,Shrek 2,2004,7.2,75.0,422412
393,Crash,2004,7.7,66.0,421113
394,Collateral,2004,7.5,71.0,362634
395,The Machinist,2004,7.7,61.0,360823
396,Hauru no ugoku shiro,2004,8.2,80.0,338804
397,Mean Girls,2004,7.0,66.0,338224
398,The Aviator,2004,7.5,77.0,336668
399,Hotel Rwanda,2004,8.1,79.0,336178
400,Der Untergang,2004,8.2,82.0,333488
401,Anchorman: The Legend of Ron Burgundy,2004,7.2,63.0,332037
402,Hellboy,2004,6.8,72.0,307494
403,Before Sunset,2004,8.1,90.0,238678
404,Garden State,2004,7.4,67.0,207124
405,Closer,2004,7.2,65.0,204413
406,Finding Neverland,2004,7.6,67.0,199457
407,Napoleon Dynamite,2004,6.9,64.0,199108
408,A Series of Unfortunate Events,2004,6.8,62.0,197148
409,Eternal Sunshine of the Spotless Mind,2004,8.3,89.0,918381
410,Kill Bill: Vol. 2,2004,8.0,83.0,688749
411,The Incredibles,2004,8.0,90.0,661378
412,Million Dollar Baby,2004,8.1,86.0,640301
413,Harry Potter and the Prisoner of Azkaban,2004,7.9,82.0,557525
414,Spider-Man 2,2004,7.3,83.0,547808
415,Shaun of the Dead,2004,7.9,76.0,515235
416,The Bourne Supremacy,2004,7.7,73.0,436975
417,Shrek 2,2004,7.2,75.0,422412
418,Crash,2004,7.7,66.0,421113
419,Collateral,2004,7.5,71.0,362634
420,The Machinist,2004,7.7,61.0,360823
421,Hauru no ugoku shiro,2004,8.2,80.0,338804
422,Mean Girls,2004,7.0,66.0,338224
423,The Aviator,2004,7.5,77.0,336668
424,Hotel Rwanda,2004,8.1,79.0,336178
425,Der Untergang,2004,8.2,82.0,333488
426,Anchorman: The Legend of Ron Burgundy,2004,7.2,63.0,332037
427,Hellboy,2004,6.8,72.0,307494
428,Before Sunset,2004,8.1,90.0,238678
429,Garden State,2004,7.4,67.0,207124
430,Closer,2004,7.2,65.0,204413
431,Finding Neverland,2004,7.6,67.0,199457
432,Napoleon Dynamite,2004,6.9,64.0,199108
433,A Series of Unfortunate Events,2004,6.8,62.0,197148
434,Eternal Sunshine of the Spotless Mind,2004,8.3,89.0,918381
435,Kill Bill: Vol. 2,2004,8.0,83.0,688749
436,The Incredibles,2004,8.0,90.0,661378
437,Million Dollar Baby,2004,8.1,86.0,640301
438,Harry Potter and the Prisoner of Azkaban,2004,7.9,82.0,557525
439,Spider-Man 2,2004,7.3,83.0,547808
440,Shaun of the Dead,2004,7.9,76.0,515235
441,The Bourne Supremacy,2004,7.7,73.0,436975
442,Shrek 2,2004,7.2,75.0,422412
443,Crash,2004,7.7,66.0,421113
444,Collateral,2004,7.5,71.0,362634
445,The Machinist,2004,7.7,61.0,360823
446,Hauru no ugoku shiro,2004,8.2,80.0,338804
447,Mean Girls,2004,7.0,66.0,338224
448,The Aviator,2004,7.5,77.0,336668
449,Hotel Rwanda,2004,8.1,79.0,336178
450,Der Untergang,2004,8.2,82.0,333488
451,Anchorman: The Legend of Ron Burgundy,2004,7.2,63.0,332037
452,Hellboy,2004,6.8,72.0,307494
453,Before Sunset,2004,8.1,90.0,238678
454,Garden State,2004,7.4,67.0,207124
455,Closer,2004,7.2,65.0,204413
456,Finding Neverland,2004,7.6,67.0,199457
457,Napoleon Dynamite,2004,6.9,64.0,199108
458,A Series of Unfortunate Events,2004,6.8,62.0,197148
459,Eternal Sunshine of the Spotless Mind,2004,8.3,89.0,918381
460,Kill Bill: Vol. 2,2004,8.0,83.0,688749
461,The Incredibles,2004,8.0,90.0,661378
462,Million Dollar Baby,2004,8.1,86.0,640301
463,Harry Potter and the Prisoner of Azkaban,2004,7.9,82.0,557525
464,Spider-Man 2,2004,7.3,83.0,547808
465,Shaun of the Dead,2004,7.9,76.0,515235
466,The Bourne Supremacy,2004,7.7,73.0,436975
467,Shrek 2,2004,7.2,75.0,422412
468,Crash,2004,7.7,66.0,421113
469,Collateral,2004,7.5,71.0,362634
470,The Machinist,2004,7.7,61.0,360823
471,Hauru no ugoku shiro,2004,8.2,80.0,338804
472,Mean Girls,2004,7.0,66.0,338224
473,The Aviator,2004,7.5,77.0,336668
474,Hotel Rwanda,2004,8.1,79.0,336178
475,Der Untergang,2004,8.2,82.0,333488
476,Anchorman: The Legend of Ron Burgundy,2004,7.2,63.0,332037
477,Hellboy,2004,6.8,72.0,307494
478,Before Sunset,2004,8.1,90.0,238678
479,Garden State,2004,7.4,67.0,207124
480,Closer,2004,7.2,65.0,204413
481,Finding Neverland,2004,7.6,67.0,199457
482,Napoleon Dynamite,2004,6.9,64.0,199108
483,A Series of Unfortunate Events,2004,6.8,62.0,197148
484,Batman Begins,2005,8.2,70.0,1317954
485,V for Vendetta,2005,8.2,62.0,1039397
486,Sin City,2005,8.0,74.0,740163
487,Star Wars: Episode III - Revenge of the Sith,2005,7.5,68.0,717877
488,Harry Potter and the Goblet of Fire,2005,7.7,81.0,553514
489,Charlie and the Chocolate Factory,2005,6.6,72.0,432171
490,War of the Worlds,2005,6.5,73.0,418019
491,The 40 Year Old Virgin,2005,7.1,73.0,398534
492,King Kong,2005,7.2,81.0,393925
493,"The Chronicles of Narnia: The Lion, the Witch and the Wardrobe",2005,6.9,75.0,369000
494,Wedding Crashers,2005,6.9,64.0,334224
495,Brokeback Mountain,2005,7.7,87.0,325348
496,Lord of War,2005,7.6,62.0,295453
497,Serenity,2005,7.8,74.0,284288
498,Kingdom of Heaven,2005,7.2,63.0,268492
499,Pride & Prejudice,2005,7.8,82.0,262089
500,Corpse Bride,2005,7.3,83.0,246987
501,Walk the Line,2005,7.8,72.0,235627
502,A History of Violence,2005,7.4,81.0,224981
503,Kiss Kiss Bang Bang,2005,7.5,72.0,215892
504,Thank You for Smoking,2005,7.6,71.0,213557
505,Munich,2005,7.5,74.0,213494
506,Match Point,2005,7.6,72.0,207285
507,The Descent,2005,7.2,71.0,202833
508,The Hitchhiker's Guide to the Galaxy,2005,6.8,63.0,187297
509,Cinderella Man,2005,8.0,69.0,177098
510,Batman Begins,2005,8.2,70.0,1317954
511,V for Vendetta,2005,8.2,62.0,1039397
512,Sin City,2005,8.0,74.0,740163
513,Star Wars: Episode III - Revenge of the Sith,2005,7.5,68.0,717877
514,Harry Potter and the Goblet of Fire,2005,7.7,81.0,553514
515,Charlie and the Chocolate Factory,2005,6.6,72.0,432171
516,War of the Worlds,2005,6.5,73.0,418019
517,The 40 Year Old Virgin,2005,7.1,73.0,398534
518,King Kong,2005,7.2,81.0,393925
519,"The Chronicles of Narnia: The Lion, the Witch and the Wardrobe",2005,6.9,75.0,369000
520,Wedding Crashers,2005,6.9,64.0,334224
521,Brokeback Mountain,2005,7.7,87.0,325348
522,Lord of War,2005,7.6,62.0,295453
523,Serenity,2005,7.8,74.0,284288
524,Kingdom of Heaven,2005,7.2,63.0,268492
525,Pride & Prejudice,2005,7.8,82.0,262089
526,Corpse Bride,2005,7.3,83.0,246987
527,Walk the Line,2005,7.8,72.0,235627
528,A History of Violence,2005,7.4,81.0,224981
529,Kiss Kiss Bang Bang,2005,7.5,72.0,215892
530,Thank You for Smoking,2005,7.6,71.0,213557
531,Munich,2005,7.5,74.0,213494
532,Match Point,2005,7.6,72.0,207285
533,The Descent,2005,7.2,71.0,202833
534,The Hitchhiker's Guide to the Galaxy,2005,6.8,63.0,187297
535,Cinderella Man,2005,8.0,69.0,177098
536,Batman Begins,2005,8.2,70.0,1317954
537,V for Vendetta,2005,8.2,62.0,1039397
538,Sin City,2005,8.0,74.0,740163
539,Star Wars: Episode III - Revenge of the Sith,2005,7.5,68.0,717877
540,Harry Potter and the Goblet of Fire,2005,7.7,81.0,553514
541,Charlie and the Chocolate Factory,2005,6.6,72.0,432171
542,War of the Worlds,2005,6.5,73.0,418019
543,The 40 Year Old Virgin,2005,7.1,73.0,398534
544,King Kong,2005,7.2,81.0,393925
545,"The Chronicles of Narnia: The Lion, the Witch and the Wardrobe",2005,6.9,75.0,369000
546,Wedding Crashers,2005,6.9,64.0,334224
547,Brokeback Mountain,2005,7.7,87.0,325348
548,Lord of War,2005,7.6,62.0,295453
549,Serenity,2005,7.8,74.0,284288
550,Kingdom of Heaven,2005,7.2,63.0,268492
551,Pride & Prejudice,2005,7.8,82.0,262089
552,Corpse Bride,2005,7.3,83.0,246987
553,Walk the Line,2005,7.8,72.0,235627
554,A History of Violence,2005,7.4,81.0,224981
555,Kiss Kiss Bang Bang,2005,7.5,72.0,215892
556,Thank You for Smoking,2005,7.6,71.0,213557
557,Munich,2005,7.5,74.0,213494
558,Match Point,2005,7.6,72.0,207285
559,The Descent,2005,7.2,71.0,202833
560,The Hitchhiker's Guide to the Galaxy,2005,6.8,63.0,187297
561,Cinderella Man,2005,8.0,69.0,177098
562,Batman Begins,2005,8.2,70.0,1317954
563,V for Vendetta,2005,8.2,62.0,1039397
564,Sin City,2005,8.0,74.0,740163
565,Star Wars: Episode III - Revenge of the Sith,2005,7.5,68.0,717877
566,Harry Potter and the Goblet of Fire,2005,7.7,81.0,553514
567,Charlie and the Chocolate Factory,2005,6.6,72.0,432171
568,War of the Worlds,2005,6.5,73.0,418019
569,The 40 Year Old Virgin,2005,7.1,73.0,398534
570,King Kong,2005,7.2,81.0,393925
571,"The Chronicles of Narnia: The Lion, the Witch and the Wardrobe",2005,6.9,75.0,369000
572,Wedding Crashers,2005,6.9,64.0,334224
573,Brokeback Mountain,2005,7.7,87.0,325348
574,Lord of War,2005,7.6,62.0,295453
575,Serenity,2005,7.8,74.0,284288
576,Kingdom of Heaven,2005,7.2,63.0,268492
577,Pride & Prejudice,2005,7.8,82.0,262089
578,Corpse Bride,2005,7.3,83.0,246987
579,Walk the Line,2005,7.8,72.0,235627
580,A History of Violence,2005,7.4,81.0,224981
581,Kiss Kiss Bang Bang,2005,7.5,72.0,215892
582,Thank You for Smoking,2005,7.6,71.0,213557
583,Munich,2005,7.5,74.0,213494
584,Match Point,2005,7.6,72.0,207285
585,The Descent,2005,7.2,71.0,202833
586,The Hitchhiker's Guide to the Galaxy,2005,6.8,63.0,187297
587,Cinderella Man,2005,8.0,69.0,177098
588,The Prestige,2006,8.5,66.0,1201274
589,The Departed,2006,8.5,85.0,1200175
590,Pan's Labyrinth,2006,8.2,98.0,622628
591,Casino Royale,2006,8.0,80.0,585239
592,Blood Diamond,2006,8.0,64.0,502722
593,Children of Men,2006,7.9,84.0,467568
594,The Pursuit of Happyness,2006,8.0,64.0,453015
595,Little Miss Sunshine,2006,7.8,80.0,442563
596,Borat: Cultural Learnings of America for Make Benefit Glorious Nation of Kazakhstan,2006,7.3,89.0,380866
597,The Devil Wears Prada,2006,6.9,62.0,374809
598,Cars,2006,7.1,73.0,372231
599,The Lives of Others,2006,8.4,89.0,361787
600,The Illusionist,2006,7.6,68.0,356052
601,Inside Man,2006,7.6,76.0,342938
602,Mission: Impossible III,2006,6.9,66.0,332262
603,Apocalypto,2006,7.8,68.0,292632
604,Babel,2006,7.4,69.0,290713
605,Superman Returns,2006,6.0,72.0,271848
606,Stranger Than Fiction,2006,7.5,67.0,219986
607,Rocky Balboa,2006,7.1,63.0,205287
608,The Last King of Scotland,2006,7.7,74.0,176334
609,Happy Feet,2006,6.4,77.0,171108
610,Talladega Nights: The Ballad of Ricky Bobby,2006,6.6,66.0,168657
611,Over the Hedge,2006,6.7,67.0,160965
612,Letters from Iwo Jima,2006,7.9,89.0,154603
613,Idiocracy,2006,6.6,66.0,147079
614,The Prestige,2006,8.5,66.0,1201274
615,The Departed,2006,8.5,85.0,1200175
616,Pan's Labyrinth,2006,8.2,98.0,622628
617,Casino Royale,2006,8.0,80.0,585239
618,Blood Diamond,2006,8.0,64.0,502722
619,Children of Men,2006,7.9,84.0,467568
620,The Pursuit of Happyness,2006,8.0,64.0,453015
621,Little Miss Sunshine,2006,7.8,80.0,442563
622,Borat: Cultural Learnings of America for Make Benefit Glorious Nation of Kazakhstan,2006,7.3,89.0,380866
623,The Devil Wears Prada,2006,6.9,62.0,374809
624,Cars,2006,7.1,73.0,372231
625,The Lives of Others,2006,8.4,89.0,361787
626,The Illusionist,2006,7.6,68.0,356052
627,Inside Man,2006,7.6,76.0,342938
628,Mission: Impossible III,2006,6.9,66.0,332262
629,Apocalypto,2006,7.8,68.0,292632
630,Babel,2006,7.4,69.0,290713
631,Superman Returns,2006,6.0,72.0,271848
632,Stranger Than Fiction,2006,7.5,67.0,219986
633,Rocky Balboa,2006,7.1,63.0,205287
634,The Last King of Scotland,2006,7.7,74.0,176334
635,Happy Feet,2006,6.4,77.0,171108
636,Talladega Nights: The Ballad of Ricky Bobby,2006,6.6,66.0,168657
637,Over the Hedge,2006,6.7,67.0,160965
638,Letters from Iwo Jima,2006,7.9,89.0,154603
639,Idiocracy,2006,6.6,66.0,147079
640,The Prestige,2006,8.5,66.0,1201274
641,The Departed,2006,8.5,85.0,1200175
642,Pan's Labyrinth,2006,8.2,98.0,622628
643,Casino Royale,2006,8.0,80.0,585239
644,Blood Diamond,2006,8.0,64.0,502722
645,Children of Men,2006,7.9,84.0,467568
646,The Pursuit of Happyness,2006,8.0,64.0,453015
647,Little Miss Sunshine,2006,7.8,80.0,442563
648,Borat: Cultural Learnings of America for Make Benefit Glorious Nation of Kazakhstan,2006,7.3,89.0,380866
649,The Devil Wears Prada,2006,6.9,62.0,374809
650,Cars,2006,7.1,73.0,372231
651,The Lives of Others,2006,8.4,89.0,361787
652,The Illusionist,2006,7.6,68.0,356052
653,Inside Man,2006,7.6,76.0,342938
654,Mission: Impossible III,2006,6.9,66.0,332262
655,Apocalypto,2006,7.8,68.0,292632
656,Babel,2006,7.4,69.0,290713
657,Superman Returns,2006,6.0,72.0,271848
658,Stranger Than Fiction,2006,7.5,67.0,219986
659,Rocky Balboa,2006,7.1,63.0,205287
660,The Last King of Scotland,2006,7.7,74.0,176334
661,Happy Feet,2006,6.4,77.0,171108
662,Talladega Nights: The Ballad of Ricky Bobby,2006,6.6,66.0,168657
663,Over the Hedge,2006,6.7,67.0,160965
664,Letters from Iwo Jima,2006,7.9,89.0,154603
665,Idiocracy,2006,6.6,66.0,147079
666,The Prestige,2006,8.5,66.0,1201274
667,The Departed,2006,8.5,85.0,1200175
668,Pan's Labyrinth,2006,8.2,98.0,622628
669,Casino Royale,2006,8.0,80.0,585239
670,Blood Diamond,2006,8.0,64.0,502722
671,Children of Men,2006,7.9,84.0,467568
672,The Pursuit of Happyness,2006,8.0,64.0,453015
673,Little Miss Sunshine,2006,7.8,80.0,442563
674,Borat: Cultural Learnings of America for Make Benefit Glorious Nation of Kazakhstan,2006,7.3,89.0,380866
675,The Devil Wears Prada,2006,6.9,62.0,374809
676,Cars,2006,7.1,73.0,372231
677,The Lives of Others,2006,8.4,89.0,361787
678,The Illusionist,2006,7.6,68.0,356052
679,Inside Man,2006,7.6,76.0,342938
680,Mission: Impossible III,2006,6.9,66.0,332262
681,Apocalypto,2006,7.8,68.0,292632
682,Babel,2006,7.4,69.0,290713
683,Superman Returns,2006,6.0,72.0,271848
684,Stranger Than Fiction,2006,7.5,67.0,219986
685,Rocky Balboa,2006,7.1,63.0,205287
686,The Last King of Scotland,2006,7.7,74.0,176334
687,Happy Feet,2006,6.4,77.0,171108
688,Talladega Nights: The Ballad of Ricky Bobby,2006,6.6,66.0,168657
689,Over the Hedge,2006,6.7,67.0,160965
690,Letters from Iwo Jima,2006,7.9,89.0,154603
691,Idiocracy,2006,6.6,66.0,147079
692,No Country for Old Men,2007,8.1,91.0,865411
693,I Am Legend,2007,7.2,65.0,691203
694,Ratatouille,2007,8.0,96.0,647191
695,The Bourne Ultimatum,2007,8.0,85.0,606765
696,Transformers,2007,7.0,61.0,598357
697,Into the Wild,2007,8.1,73.0,577632
698,Superbad,2007,7.6,76.0,524424
699,There Will Be Blood,2007,8.2,93.0,522840
700,Harry Potter and the Order of the Phoenix,2007,7.5,71.0,515837
701,Juno,2007,7.4,81.0,493112
702,Zodiac,2007,7.7,78.0,472278
703,Hot Fuzz,2007,7.8,81.0,466380
704,American Gangster,2007,7.8,76.0,395258
705,Live Free or Die Hard,2007,7.1,69.0,390697
706,Knocked Up,2007,6.9,85.0,352232
707,Sweeney Todd: The Demon Barber of Fleet Street,2007,7.3,83.0,346078
708,Ocean's Thirteen,2007,6.9,62.0,323437
709,The Simpsons Movie,2007,7.3,80.0,310100
710,3:10 to Yuma,2007,7.7,76.0,290773
711,28 Weeks Later,2007,7.0,78.0,259760
712,1408,2007,6.8,64.0,256428
713,Stardust,2007,7.6,66.0,256382
714,Atonement,2007,7.8,85.0,253779
715,Gone Baby Gone,2007,7.6,72.0,252265
716,Sunshine,2007,7.2,64.0,234826
717,Eastern Promises,2007,7.6,82.0,229180
718,Disturbia,2007,6.8,62.0,222233
719,Paranormal Activity,2007,6.3,68.0,221547
720,Fracture,2007,7.2,68.0,188790
721,The Darjeeling Limited,2007,7.2,67.0,182033
722,Grindhouse,2007,7.5,77.0,178426
723,Enchanted,2007,7.0,75.0,177765
724,No Country for Old Men,2007,8.1,91.0,865411
725,I Am Legend,2007,7.2,65.0,691203
726,Ratatouille,2007,8.0,96.0,647191
727,The Bourne Ultimatum,2007,8.0,85.0,606765
728,Transformers,2007,7.0,61.0,598357
729,Into the Wild,2007,8.1,73.0,577632
730,Superbad,2007,7.6,76.0,524424
731,There Will Be Blood,2007,8.2,93.0,522840
732,Harry Potter and the Order of the Phoenix,2007,7.5,71.0,515837
733,Juno,2007,7.4,81.0,493112
734,Zodiac,2007,7.7,78.0,472278
735,Hot Fuzz,2007,7.8,81.0,466380
736,American Gangster,2007,7.8,76.0,395258
737,Live Free or Die Hard,2007,7.1,69.0,390697
738,Knocked Up,2007,6.9,85.0,352232
739,Sweeney Todd: The Demon Barber of Fleet Street,2007,7.3,83.0,346078
740,Ocean's Thirteen,2007,6.9,62.0,323437
741,The Simpsons Movie,2007,7.3,80.0,310100
742,3:10 to Yuma,2007,7.7,76.0,290773
743,28 Weeks Later,2007,7.0,78.0,259760
744,1408,2007,6.8,64.0,256428
745,Stardust,2007,7.6,66.0,256382
746,Atonement,2007,7.8,85.0,253779
747,Gone Baby Gone,2007,7.6,72.0,252265
748,Sunshine,2007,7.2,64.0,234826
749,Eastern Promises,2007,7.6,82.0,229180
750,Disturbia,2007,6.8,62.0,222233
751,Paranormal Activity,2007,6.3,68.0,221547
752,Fracture,2007,7.2,68.0,188790
753,The Darjeeling Limited,2007,7.2,67.0,182033
754,Grindhouse,2007,7.5,77.0,178426
755,Enchanted,2007,7.0,75.0,177765
756,No Country for Old Men,2007,8.1,91.0,865411
757,I Am Legend,2007,7.2,65.0,691203
758,Ratatouille,2007,8.0,96.0,647191
759,The Bourne Ultimatum,2007,8.0,85.0,606765
760,Transformers,2007,7.0,61.0,598357
761,Into the Wild,2007,8.1,73.0,577632
762,Superbad,2007,7.6,76.0,524424
763,There Will Be Blood,2007,8.2,93.0,522840
764,Harry Potter and the Order of the Phoenix,2007,7.5,71.0,515837
765,Juno,2007,7.4,81.0,493112
766,Zodiac,2007,7.7,78.0,472278
767,Hot Fuzz,2007,7.8,81.0,466380
768,American Gangster,2007,7.8,76.0,395258
769,Live Free or Die Hard,2007,7.1,69.0,390697
770,Knocked Up,2007,6.9,85.0,352232
771,Sweeney Todd: The Demon Barber of Fleet Street,2007,7.3,83.0,346078
772,Ocean's Thirteen,2007,6.9,62.0,323437
773,The Simpsons Movie,2007,7.3,80.0,310100
774,3:10 to Yuma,2007,7.7,76.0,290773
775,28 Weeks Later,2007,7.0,78.0,259760
776,1408,2007,6.8,64.0,256428
777,Stardust,2007,7.6,66.0,256382
778,Atonement,2007,7.8,85.0,253779
779,Gone Baby Gone,2007,7.6,72.0,252265
780,Sunshine,2007,7.2,64.0,234826
781,Eastern Promises,2007,7.6,82.0,229180
782,Disturbia,2007,6.8,62.0,222233
783,Paranormal Activity,2007,6.3,68.0,221547
784,Fracture,2007,7.2,68.0,188790
785,The Darjeeling Limited,2007,7.2,67.0,182033
786,Grindhouse,2007,7.5,77.0,178426
787,Enchanted,2007,7.0,75.0,177765
788,No Country for Old Men,2007,8.1,91.0,865411
789,I Am Legend,2007,7.2,65.0,691203
790,Ratatouille,2007,8.0,96.0,647191
791,The Bourne Ultimatum,2007,8.0,85.0,606765
792,Transformers,2007,7.0,61.0,598357
793,Into the Wild,2007,8.1,73.0,577632
794,Superbad,2007,7.6,76.0,524424
795,There Will Be Blood,2007,8.2,93.0,522840
796,Harry Potter and the Order of the Phoenix,2007,7.5,71.0,515837
797,Juno,2007,7.4,81.0,493112
798,Zodiac,2007,7.7,78.0,472278
799,Hot Fuzz,2007,7.8,81.0,466380
800,American Gangster,2007,7.8,76.0,395258
801,Live Free or Die Hard,2007,7.1,69.0,390697
802,Knocked Up,2007,6.9,85.0,352232
803,Sweeney Todd: The Demon Barber of Fleet Street,2007,7.3,83.0,346078
804,Ocean's Thirteen,2007,6.9,62.0,323437
805,The Simpsons Movie,2007,7.3,80.0,310100
806,3:10 to Yuma,2007,7.7,76.0,290773
807,28 Weeks Later,2007,7.0,78.0,259760
808,1408,2007,6.8,64.0,256428
809,Stardust,2007,7.6,66.0,256382
810,Atonement,2007,7.8,85.0,253779
811,Gone Baby Gone,2007,7.6,72.0,252265
812,Sunshine,2007,7.2,64.0,234826
813,Eastern Promises,2007,7.6,82.0,229180
814,Disturbia,2007,6.8,62.0,222233
815,Paranormal Activity,2007,6.3,68.0,221547
816,Fracture,2007,7.2,68.0,188790
817,The Darjeeling Limited,2007,7.2,67.0,182033
818,Grindhouse,2007,7.5,77.0,178426
819,Enchanted,2007,7.0,75.0,177765
820,The Dark Knight,2008,9.0,84.0,2323787
821,WALL·E,2008,8.4,95.0,1008164
822,Iron Man,2008,7.9,79.0,947704
823,Slumdog Millionaire,2008,8.0,84.0,802789
824,Gran Torino,2008,8.1,72.0,724798
825,The Curious Case of Benjamin Button,2008,7.8,70.0,593880
826,The Incredible Hulk,2008,6.7,61.0,437862
827,Indiana Jones and the Kingdom of the Crystal Skull,2008,6.1,65.0,427481
828,The Hurt Locker,2008,7.5,95.0,424147
829,Kung Fu Panda,2008,7.6,74.0,422879
830,In Bruges,2008,7.9,67.0,392534
831,Tropic Thunder,2008,7.0,71.0,380314
832,Cloverfield,2008,7.0,64.0,374600
833,Wanted,2008,6.7,64.0,361436
834,Pineapple Express,2008,6.9,64.0,317913
835,Burn After Reading,2008,7.0,63.0,311787
836,The Wrestler,2008,7.9,80.0,290593
837,Forgetting Sarah Marshall,2008,7.1,67.0,265780
838,Hellboy II: The Golden Army,2008,7.0,78.0,256569
839,Vicky Cristina Barcelona,2008,7.1,70.0,243589
840,Changeling,2008,7.7,63.0,240574
841,Role Models,2008,6.8,61.0,220983
842,Madagascar: Escape 2 Africa,2008,6.6,61.0,207332
843,Låt den rätte komma in,2008,7.9,82.0,206415
844,Revolutionary Road,2008,7.3,69.0,198688
845,The Chronicles of Narnia: Prince Caspian,2008,6.5,62.0,195668
846,The Dark Knight,2008,9.0,84.0,2323787
847,WALL·E,2008,8.4,95.0,1008164
848,Iron Man,2008,7.9,79.0,947704
849,Slumdog Millionaire,2008,8.0,84.0,802789
850,Gran Torino,2008,8.1,72.0,724798
851,The Curious Case of Benjamin Button,2008,7.8,70.0,593880
852,The Incredible Hulk,2008,6.7,61.0,437862
853,Indiana Jones and the Kingdom of the Crystal Skull,2008,6.1,65.0,427481
854,The Hurt Locker,2008,7.5,95.0,424147
855,Kung Fu Panda,2008,7.6,74.0,422879
856,In Bruges,2008,7.9,67.0,392534
857,Tropic Thunder,2008,7.0,71.0,380314
858,Cloverfield,2008,7.0,64.0,374600
859,Wanted,2008,6.7,64.0,361436
860,Pineapple Express,2008,6.9,64.0,317913
861,Burn After Reading,2008,7.0,63.0,311787
862,The Wrestler,2008,7.9,80.0,290593
863,Forgetting Sarah Marshall,2008,7.1,67.0,265780
864,Hellboy II: The Golden Army,2008,7.0,78.0,256569
865,Vicky Cristina Barcelona,2008,7.1,70.0,243589
866,Changeling,2008,7.7,63.0,240574
867,Role Models,2008,6.8,61.0,220983
868,Madagascar: Escape 2 Africa,2008,6.6,61.0,207332
869,Låt den rätte komma in,2008,7.9,82.0,206415
870,Revolutionary Road,2008,7.3,69.0,198688
871,The Chronicles of Narnia: Prince Caspian,2008,6.5,62.0,195668
872,The Dark Knight,2008,9.0,84.0,2323787
873,WALL·E,2008,8.4,95.0,1008164
874,Iron Man,2008,7.9,79.0,947704
875,Slumdog Millionaire,2008,8.0,84.0,802789
876,Gran Torino,2008,8.1,72.0,724798
877,The Curious Case of Benjamin Button,2008,7.8,70.0,593880
878,The Incredible Hulk,2008,6.7,61.0,437862
879,Indiana Jones and the Kingdom of the Crystal Skull,2008,6.1,65.0,427481
880,The Hurt Locker,2008,7.5,95.0,424147
881,Kung Fu Panda,2008,7.6,74.0,422879
882,In Bruges,2008,7.9,67.0,392534
883,Tropic Thunder,2008,7.0,71.0,380314
884,Cloverfield,2008,7.0,64.0,374600
885,Wanted,2008,6.7,64.0,361436
886,Pineapple Express,2008,6.9,64.0,317913
887,Burn After Reading,2008,7.0,63.0,311787
888,The Wrestler,2008,7.9,80.0,290593
889,Forgetting Sarah Marshall,2008,7.1,67.0,265780
890,Hellboy II: The Golden Army,2008,7.0,78.0,256569
891,Vicky Cristina Barcelona,2008,7.1,70.0,243589
892,Changeling,2008,7.7,63.0,240574
893,Role Models,2008,6.8,61.0,220983
894,Madagascar: Escape 2 Africa,2008,6.6,61.0,207332
895,Låt den rätte komma in,2008,7.9,82.0,206415
896,Revolutionary Road,2008,7.3,69.0,198688
897,The Chronicles of Narnia: Prince Caspian,2008,6.5,62.0,195668
898,The Dark Knight,2008,9.0,84.0,2323787
899,WALL·E,2008,8.4,95.0,1008164
900,Iron Man,2008,7.9,79.0,947704
901,Slumdog Millionaire,2008,8.0,84.0,802789
902,Gran Torino,2008,8.1,72.0,724798
903,The Curious Case of Benjamin Button,2008,7.8,70.0,593880
904,The Incredible Hulk,2008,6.7,61.0,437862
905,Indiana Jones and the Kingdom of the Crystal Skull,2008,6.1,65.0,427481
906,The Hurt Locker,2008,7.5,95.0,424147
907,Kung Fu Panda,2008,7.6,74.0,422879
908,In Bruges,2008,7.9,67.0,392534
909,Tropic Thunder,2008,7.0,71.0,380314
910,Cloverfield,2008,7.0,64.0,374600
911,Wanted,2008,6.7,64.0,361436
912,Pineapple Express,2008,6.9,64.0,317913
913,Burn After Reading,2008,7.0,63.0,311787
914,The Wrestler,2008,7.9,80.0,290593
915,Forgetting Sarah Marshall,2008,7.1,67.0,265780
916,Hellboy II: The Golden Army,2008,7.0,78.0,256569
917,Vicky Cristina Barcelona,2008,7.1,70.0,243589
918,Changeling,2008,7.7,63.0,240574
919,Role Models,2008,6.8,61.0,220983
920,Madagascar: Escape 2 Africa,2008,6.6,61.0,207332
921,Låt den rätte komma in,2008,7.9,82.0,206415
922,Revolutionary Road,2008,7.3,69.0,198688
923,The Chronicles of Narnia: Prince Caspian,2008,6.5,62.0,195668
924,Inglourious Basterds,2009,8.3,69.0,1280888
925,Avatar,2009,7.8,83.0,1125042
926,Up,2009,8.2,88.0,943391
927,The Hangover,2009,7.7,73.0,721045
928,District 9,2009,7.9,81.0,640933
929,Star Trek,2009,7.9,82.0,579102
930,Zombieland,2009,7.6,73.0,522770
931,Harry Potter and the Half-Blood Prince,2009,7.6,78.0,479373
932,(500) Days of Summer,2009,7.7,76.0,475002
933,3 Idiots,2009,8.4,67.0,348056
934,Moon,2009,7.9,67.0,336895
935,Up in the Air,2009,7.4,83.0,319946
936,Public Enemies,2009,7.0,70.0,283802
937,The Road,2009,7.2,64.0,224630
938,Mr. Nobody,2009,7.8,63.0,217960
939,Män som hatar kvinnor,2009,7.8,76.0,209694
940,Cloudy with a Chance of Meatballs,2009,6.9,66.0,207094
941,Fantastic Mr. Fox,2009,7.9,83.0,202517
942,Coraline,2009,7.7,80.0,199278
943,El secreto de sus ojos,2009,8.2,80.0,194895
944,"I Love You, Man",2009,7.0,70.0,194670
945,Drag Me to Hell,2009,6.5,83.0,188760
946,Inglourious Basterds,2009,8.3,69.0,1280888
947,Avatar,2009,7.8,83.0,1125042
948,Up,2009,8.2,88.0,943391
949,The Hangover,2009,7.7,73.0,721045
950,District 9,2009,7.9,81.0,640933
951,Star Trek,2009,7.9,82.0,579102
952,Zombieland,2009,7.6,73.0,522770
953,Harry Potter and the Half-Blood Prince,2009,7.6,78.0,479373
954,(500) Days of Summer,2009,7.7,76.0,475002
955,3 Idiots,2009,8.4,67.0,348056
956,Moon,2009,7.9,67.0,336895
957,Up in the Air,2009,7.4,83.0,319946
958,Public Enemies,2009,7.0,70.0,283802
959,The Road,2009,7.2,64.0,224630
960,Mr. Nobody,2009,7.8,63.0,217960
961,Män som hatar kvinnor,2009,7.8,76.0,209694
962,Cloudy with a Chance of Meatballs,2009,6.9,66.0,207094
963,Fantastic Mr. Fox,2009,7.9,83.0,202517
964,Coraline,2009,7.7,80.0,199278
965,El secreto de sus ojos,2009,8.2,80.0,194895
966,"I Love You, Man",2009,7.0,70.0,194670
967,Drag Me to Hell,2009,6.5,83.0,188760
968,Inglourious Basterds,2009,8.3,69.0,1280888
969,Avatar,2009,7.8,83.0,1125042
970,Up,2009,8.2,88.0,943391
971,The Hangover,2009,7.7,73.0,721045
972,District 9,2009,7.9,81.0,640933
973,Star Trek,2009,7.9,82.0,579102
974,Zombieland,2009,7.6,73.0,522770
975,Harry Potter and the Half-Blood Prince,2009,7.6,78.0,479373
976,(500) Days of Summer,2009,7.7,76.0,475002
977,3 Idiots,2009,8.4,67.0,348056
978,Moon,2009,7.9,67.0,336895
979,Up in the Air,2009,7.4,83.0,319946
980,Public Enemies,2009,7.0,70.0,283802
981,The Road,2009,7.2,64.0,224630
982,Mr. Nobody,2009,7.8,63.0,217960
983,Män som hatar kvinnor,2009,7.8,76.0,209694
984,Cloudy with a Chance of Meatballs,2009,6.9,66.0,207094
985,Fantastic Mr. Fox,2009,7.9,83.0,202517
986,Coraline,2009,7.7,80.0,199278
987,El secreto de sus ojos,2009,8.2,80.0,194895
988,"I Love You, Man",2009,7.0,70.0,194670
989,Drag Me to Hell,2009,6.5,83.0,188760
990,Inglourious Basterds,2009,8.3,69.0,1280888
991,Avatar,2009,7.8,83.0,1125042
992,Up,2009,8.2,88.0,943391
993,The Hangover,2009,7.7,73.0,721045
994,District 9,2009,7.9,81.0,640933
995,Star Trek,2009,7.9,82.0,579102
996,Zombieland,2009,7.6,73.0,522770
997,Harry Potter and the Half-Blood Prince,2009,7.6,78.0,479373
998,(500) Days of Summer,2009,7.7,76.0,475002
999,3 Idiots,2009,8.4,67.0,348056
1000,Moon,2009,7.9,67.0,336895
1001,Up in the Air,2009,7.4,83.0,319946
1002,Public Enemies,2009,7.0,70.0,283802
1003,The Road,2009,7.2,64.0,224630
1004,Mr. Nobody,2009,7.8,63.0,217960
1005,Män som hatar kvinnor,2009,7.8,76.0,209694
1006,Cloudy with a Chance of Meatballs,2009,6.9,66.0,207094
1007,Fantastic Mr. Fox,2009,7.9,83.0,202517
1008,Coraline,2009,7.7,80.0,199278
1009,El secreto de sus ojos,2009,8.2,80.0,194895
1010,"I Love You, Man",2009,7.0,70.0,194670
1011,Drag Me to Hell,2009,6.5,83.0,188760
1012,Inception,2010,8.8,74.0,2087079
1013,Shutter Island,2010,8.2,63.0,1143374
1014,Toy Story 3,2010,8.2,92.0,762643
1015,Black Swan,2010,8.0,79.0,704206
1016,How to Train Your Dragon,2010,8.1,75.0,671860
1017,The King's Speech,2010,8.0,88.0,643386
1018,The Social Network,2010,7.7,95.0,630892
1019,Kick-Ass,2010,7.6,66.0,527228
1020,Despicable Me,2010,7.6,72.0,503712
1021,Harry Potter and the Deathly Hallows: Part 1,2010,7.7,65.0,483696
1022,Tangled,2010,7.7,71.0,408885
1023,Scott Pilgrim vs. the World,2010,7.5,69.0,382688
1024,Easy A,2010,7.0,72.0,361861
1025,The Town,2010,7.5,74.0,355840
1026,127 Hours,2010,7.5,82.0,350083
1027,The Fighter,2010,7.8,79.0,343012
1028,True Grit,2010,7.6,80.0,314134
1029,Salt,2010,6.4,65.0,296821
1030,The Other Guys,2010,6.7,64.0,244581
1031,Megamind,2010,7.2,63.0,230551
1032,Unstoppable,2010,6.8,69.0,185943
1033,Blue Valentine,2010,7.4,81.0,185745
1034,Get Him to the Greek,2010,6.4,65.0,170349
1035,Tucker and Dale vs Evil,2010,7.5,65.0,166133
1036,Inception,2010,8.8,74.0,2087079
1037,Shutter Island,2010,8.2,63.0,1143374
1038,Toy Story 3,2010,8.2,92.0,762643
1039,Black Swan,2010,8.0,79.0,704206
1040,How to Train Your Dragon,2010,8.1,75.0,671860
1041,The King's Speech,2010,8.0,88.0,643386
1042,The Social Network,2010,7.7,95.0,630892
1043,Kick-Ass,2010,7.6,66.0,527228
1044,Despicable Me,2010,7.6,72.0,503712
1045,Harry Potter and the Deathly Hallows: Part 1,2010,7.7,65.0,483696
1046,Tangled,2010,7.7,71.0,408885
1047,Scott Pilgrim vs. the World,2010,7.5,69.0,382688
1048,Easy A,2010,7.0,72.0,361861
1049,The Town,2010,7.5,74.0,355840
1050,127 Hours,2010,7.5,82.0,350083
1051,The Fighter,2010,7.8,79.0,343012
1052,True Grit,2010,7.6,80.0,314134
1053,Salt,2010,6.4,65.0,296821
1054,The Other Guys,2010,6.7,64.0,244581
1055,Megamind,2010,7.2,63.0,230551
1056,Unstoppable,2010,6.8,69.0,185943
1057,Blue Valentine,2010,7.4,81.0,185745
1058,Get Him to the Greek,2010,6.4,65.0,170349
1059,Tucker and Dale vs Evil,2010,7.5,65.0,166133
1060,Inception,2010,8.8,74.0,2087079
1061,Shutter Island,2010,8.2,63.0,1143374
1062,Toy Story 3,2010,8.2,92.0,762643
1063,Black Swan,2010,8.0,79.0,704206
1064,How to Train Your Dragon,2010,8.1,75.0,671860
1065,The King's Speech,2010,8.0,88.0,643386
1066,The Social Network,2010,7.7,95.0,630892
1067,Kick-Ass,2010,7.6,66.0,527228
1068,Despicable Me,2010,7.6,72.0,503712
1069,Harry Potter and the Deathly Hallows: Part 1,2010,7.7,65.0,483696
1070,Tangled,2010,7.7,71.0,408885
1071,Scott Pilgrim vs. the World,2010,7.5,69.0,382688
1072,Easy A,2010,7.0,72.0,361861
1073,The Town,2010,7.5,74.0,355840
1074,127 Hours,2010,7.5,82.0,350083
1075,The Fighter,2010,7.8,79.0,343012
1076,True Grit,2010,7.6,80.0,314134
1077,Salt,2010,6.4,65.0,296821
1078,The Other Guys,2010,6.7,64.0,244581
1079,Megamind,2010,7.2,63.0,230551
1080,Unstoppable,2010,6.8,69.0,185943
1081,Blue Valentine,2010,7.4,81.0,185745
1082,Get Him to the Greek,2010,6.4,65.0,170349
1083,Tucker and Dale vs Evil,2010,7.5,65.0,166133
1084,Inception,2010,8.8,74.0,2087079
1085,Shutter Island,2010,8.2,63.0,1143374
1086,Toy Story 3,2010,8.2,92.0,762643
1087,Black Swan,2010,8.0,79.0,704206
1088,How to Train Your Dragon,2010,8.1,75.0,671860
1089,The King's Speech,2010,8.0,88.0,643386
1090,The Social Network,2010,7.7,95.0,630892
1091,Kick-Ass,2010,7.6,66.0,527228
1092,Despicable Me,2010,7.6,72.0,503712
1093,Harry Potter and the Deathly Hallows: Part 1,2010,7.7,65.0,483696
1094,Tangled,2010,7.7,71.0,408885
1095,Scott Pilgrim vs. the World,2010,7.5,69.0,382688
1096,Easy A,2010,7.0,72.0,361861
1097,The Town,2010,7.5,74.0,355840
1098,127 Hours,2010,7.5,82.0,350083
1099,The Fighter,2010,7.8,79.0,343012
1100,True Grit,2010,7.6,80.0,314134
1101,Salt,2010,6.4,65.0,296821
1102,The Other Guys,2010,6.7,64.0,244581
1103,Megamind,2010,7.2,63.0,230551
1104,Unstoppable,2010,6.8,69.0,185943
1105,Blue Valentine,2010,7.4,81.0,185745
1106,Get Him to the Greek,2010,6.4,65.0,170349
1107,Tucker and Dale vs Evil,2010,7.5,65.0,166133
1108,Harry Potter and the Deathly Hallows: Part 2,2011,8.1,85.0,771608
1109,Captain America: The First Avenger,2011,6.9,66.0,748065
1110,X: First Class,2011,7.7,65.0,648938
1111,Drive,2011,7.8,78.0,576043
1112,Rise of the Planet of the Apes,2011,7.6,68.0,497762
1113,Source Code,2011,7.5,74.0,487390
1114,"Crazy, Stupid, Love.",2011,7.4,68.0,476977
1115,Mission: Impossible - Ghost Protocol,2011,7.4,73.0,459459
1116,Warrior,2011,8.2,71.0,438857
1117,The Help,2011,8.0,62.0,431535
1118,The Girl with the Dragon Tattoo,2011,7.8,71.0,426754
1119,Midnight in Paris,2011,7.7,81.0,390865
1120,The Cabin in the Woods,2011,7.0,72.0,378995
1121,Moneyball,2011,7.6,87.0,373684
1122,Fast Five,2011,7.3,66.0,354449
1123,Friends with Benefits,2011,6.5,63.0,341920
1124,Super 8,2011,7.0,72.0,339677
1125,50/50,2011,7.6,72.0,316504
1126,Hugo,2011,7.5,83.0,306706
1127,Contagion,2011,6.7,70.0,284826
1128,Bridesmaids,2011,6.8,75.0,270162
1129,Kung Fu Panda 2,2011,7.2,67.0,255895
1130,The Grey,2011,6.8,64.0,241612
1131,Rango,2011,7.2,75.0,238977
1132,The Descendants,2011,7.3,84.0,233565
1133,The Artist,2011,7.9,89.0,231710
1134,Jodaeiye Nader az Simin,2011,8.3,95.0,222080
1135,Harry Potter and the Deathly Hallows: Part 2,2011,8.1,85.0,771608
1136,Captain America: The First Avenger,2011,6.9,66.0,748065
1137,X: First Class,2011,7.7,65.0,648938
1138,Drive,2011,7.8,78.0,576043
1139,Rise of the Planet of the Apes,2011,7.6,68.0,497762
1140,Source Code,2011,7.5,74.0,487390
1141,"Crazy, Stupid, Love.",2011,7.4,68.0,476977
1142,Mission: Impossible - Ghost Protocol,2011,7.4,73.0,459459
1143,Warrior,2011,8.2,71.0,438857
1144,The Help,2011,8.0,62.0,431535
1145,The Girl with the Dragon Tattoo,2011,7.8,71.0,426754
1146,Midnight in Paris,2011,7.7,81.0,390865
1147,The Cabin in the Woods,2011,7.0,72.0,378995
1148,Moneyball,2011,7.6,87.0,373684
1149,Fast Five,2011,7.3,66.0,354449
1150,Friends with Benefits,2011,6.5,63.0,341920
1151,Super 8,2011,7.0,72.0,339677
1152,50/50,2011,7.6,72.0,316504
1153,Hugo,2011,7.5,83.0,306706
1154,Contagion,2011,6.7,70.0,284826
1155,Bridesmaids,2011,6.8,75.0,270162
1156,Kung Fu Panda 2,2011,7.2,67.0,255895
1157,The Grey,2011,6.8,64.0,241612
1158,Rango,2011,7.2,75.0,238977
1159,The Descendants,2011,7.3,84.0,233565
1160,The Artist,2011,7.9,89.0,231710
1161,Jodaeiye Nader az Simin,2011,8.3,95.0,222080
1162,Harry Potter and the Deathly Hallows: Part 2,2011,8.1,85.0,771608
1163,Captain America: The First Avenger,2011,6.9,66.0,748065
1164,X: First Class,2011,7.7,65.0,648938
1165,Drive,2011,7.8,78.0,576043
1166,Rise of the Planet of the Apes,2011,7.6,68.0,497762
1167,Source Code,2011,7.5,74.0,487390
1168,"Crazy, Stupid, Love.",2011,7.4,68.0,476977
1169,Mission: Impossible - Ghost Protocol,2011,7.4,73.0,459459
1170,Warrior,2011,8.2,71.0,438857
1171,The Help,2011,8.0,62.0,431535
1172,The Girl with the Dragon Tattoo,2011,7.8,71.0,426754
1173,Midnight in Paris,2011,7.7,81.0,390865
1174,The Cabin in the Woods,2011,7.0,72.0,378995
1175,Moneyball,2011,7.6,87.0,373684
1176,Fast Five,2011,7.3,66.0,354449
1177,Friends with Benefits,2011,6.5,63.0,341920
1178,Super 8,2011,7.0,72.0,339677
1179,50/50,2011,7.6,72.0,316504
1180,Hugo,2011,7.5,83.0,306706
1181,Contagion,2011,6.7,70.0,284826
1182,Bridesmaids,2011,6.8,75.0,270162
1183,Kung Fu Panda 2,2011,7.2,67.0,255895
1184,The Grey,2011,6.8,64.0,241612
1185,Rango,2011,7.2,75.0,238977
1186,The Descendants,2011,7.3,84.0,233565
1187,The Artist,2011,7.9,89.0,231710
1188,Jodaeiye Nader az Simin,2011,8.3,95.0,222080
1189,Harry Potter and the Deathly Hallows: Part 2,2011,8.1,85.0,771608
1190,Captain America: The First Avenger,2011,6.9,66.0,748065
1191,X: First Class,2011,7.7,65.0,648938
1192,Drive,2011,7.8,78.0,576043
1193,Rise of the Planet of the Apes,2011,7.6,68.0,497762
1194,Source Code,2011,7.5,74.0,487390
1195,"Crazy, Stupid, Love.",2011,7.4,68.0,476977
1196,Mission: Impossible - Ghost Protocol,2011,7.4,73.0,459459
1197,Warrior,2011,8.2,71.0,438857
1198,The Help,2011,8.0,62.0,431535
1199,The Girl with the Dragon Tattoo,2011,7.8,71.0,426754
1200,Midnight in Paris,2011,7.7,81.0,390865
1201,The Cabin in the Woods,2011,7.0,72.0,378995
1202,Moneyball,2011,7.6,87.0,373684
1203,Fast Five,2011,7.3,66.0,354449
1204,Friends with Benefits,2011,6.5,63.0,341920
1205,Super 8,2011,7.0,72.0,339677
1206,50/50,2011,7.6,72.0,316504
1207,Hugo,2011,7.5,83.0,306706
1208,Contagion,2011,6.7,70.0,284826
1209,Bridesmaids,2011,6.8,75.0,270162
1210,Kung Fu Panda 2,2011,7.2,67.0,255895
1211,The Grey,2011,6.8,64.0,241612
1212,Rango,2011,7.2,75.0,238977
1213,The Descendants,2011,7.3,84.0,233565
1214,The Artist,2011,7.9,89.0,231710
1215,Jodaeiye Nader az Simin,2011,8.3,95.0,222080
1216,The Dark Knight Rises,2012,8.4,78.0,1527589
1217,Django Unchained,2012,8.4,81.0,1371430
1218,The Avengers,2012,8.0,69.0,1269127
1219,The Hunger Games,2012,7.2,68.0,848843
1220,Silver Linings Playbook,2012,7.7,81.0,665729
1221,Skyfall,2012,7.8,81.0,633217
1222,Life of Pi,2012,7.9,79.0,584430
1223,Argo,2012,7.7,86.0,576593
1224,Ted,2012,6.9,62.0,572594
1225,Prometheus,2012,7.0,64.0,570877
1226,The Amazing Spider-Man,2012,6.9,66.0,561870
1227,Looper,2012,7.4,84.0,537117
1228,21 Jump Street,2012,7.2,69.0,513378
1229,The Perks of Being a Wallflower,2012,8.0,67.0,465934
1230,Wreck-It Ralph,2012,7.7,72.0,382905
1231,Brave,2012,7.1,69.0,375917
1232,Flight,2012,7.3,76.0,328027
1233,Moonrise Kingdom,2012,7.8,84.0,321408
1234,Les Misérables,2012,7.6,63.0,310706
1235,The Bourne Legacy,2012,6.6,61.0,286476
1236,Jagten,2012,8.3,77.0,285999
1237,Pitch Perfect,2012,7.1,66.0,278462
1238,Zero Dark Thirty,2012,7.4,95.0,274192
1239,The Place Beyond the Pines,2012,7.3,68.0,248709
1240,Lincoln,2012,7.3,86.0,246366
1241,Seven Psychopaths,2012,7.2,66.0,242725
1242,Chronicle,2012,7.0,69.0,240456
1243,End of Watch,2012,7.6,68.0,229437
1244,Lo imposible,2012,7.6,73.0,202786
1245,The Dark Knight Rises,2012,8.4,78.0,1527589
1246,Django Unchained,2012,8.4,81.0,1371430
1247,The Avengers,2012,8.0,69.0,1269127
1248,The Hunger Games,2012,7.2,68.0,848843
1249,Silver Linings Playbook,2012,7.7,81.0,665729
1250,Skyfall,2012,7.8,81.0,633217
1251,Life of Pi,2012,7.9,79.0,584430
1252,Argo,2012,7.7,86.0,576593
1253,Ted,2012,6.9,62.0,572594
1254,Prometheus,2012,7.0,64.0,570877
1255,The Amazing Spider-Man,2012,6.9,66.0,561870
1256,Looper,2012,7.4,84.0,537117
1257,21 Jump Street,2012,7.2,69.0,513378
1258,The Perks of Being a Wallflower,2012,8.0,67.0,465934
1259,Wreck-It Ralph,2012,7.7,72.0,382905
1260,Brave,2012,7.1,69.0,375917
1261,Flight,2012,7.3,76.0,328027
1262,Moonrise Kingdom,2012,7.8,84.0,321408
1263,Les Misérables,2012,7.6,63.0,310706
1264,The Bourne Legacy,2012,6.6,61.0,286476
1265,Jagten,2012,8.3,77.0,285999
1266,Pitch Perfect,2012,7.1,66.0,278462
1267,Zero Dark Thirty,2012,7.4,95.0,274192
1268,The Place Beyond the Pines,2012,7.3,68.0,248709
1269,Lincoln,2012,7.3,86.0,246366
1270,Seven Psychopaths,2012,7.2,66.0,242725
1271,Chronicle,2012,7.0,69.0,240456
1272,End of Watch,2012,7.6,68.0,229437
1273,Lo imposible,2012,7.6,73.0,202786
1274,The Dark Knight Rises,2012,8.4,78.0,1527589
1275,Django Unchained,2012,8.4,81.0,1371430
1276,The Avengers,2012,8.0,69.0,1269127
1277,The Hunger Games,2012,7.2,68.0,848843
1278,Silver Linings Playbook,2012,7.7,81.0,665729
1279,Skyfall,2012,7.8,81.0,633217
1280,Life of Pi,2012,7.9,79.0,584430
1281,Argo,2012,7.7,86.0,576593
1282,Ted,2012,6.9,62.0,572594
1283,Prometheus,2012,7.0,64.0,570877
1284,The Amazing Spider-Man,2012,6.9,66.0,561870
1285,Looper,2012,7.4,84.0,537117
1286,21 Jump Street,2012,7.2,69.0,513378
1287,The Perks of Being a Wallflower,2012,8.0,67.0,465934
1288,Wreck-It Ralph,2012,7.7,72.0,382905
1289,Brave,2012,7.1,69.0,375917
1290,Flight,2012,7.3,76.0,328027
1291,Moonrise Kingdom,2012,7.8,84.0,321408
1292,Les Misérables,2012,7.6,63.0,310706
1293,The Bourne Legacy,2012,6.6,61.0,286476
1294,Jagten,2012,8.3,77.0,285999
1295,Pitch Perfect,2012,7.1,66.0,278462
1296,Zero Dark Thirty,2012,7.4,95.0,274192
1297,The Place Beyond the Pines,2012,7.3,68.0,248709
1298,Lincoln,2012,7.3,86.0,246366
1299,Seven Psychopaths,2012,7.2,66.0,242725
1300,Chronicle,2012,7.0,69.0,240456
1301,End of Watch,2012,7.6,68.0,229437
1302,Lo imposible,2012,7.6,73.0,202786
1303,The Dark Knight Rises,2012,8.4,78.0,1527589
1304,Django Unchained,2012,8.4,81.0,1371430
1305,The Avengers,2012,8.0,69.0,1269127
1306,The Hunger Games,2012,7.2,68.0,848843
1307,Silver Linings Playbook,2012,7.7,81.0,665729
1308,Skyfall,2012,7.8,81.0,633217
1309,Life of Pi,2012,7.9,79.0,584430
1310,Argo,2012,7.7,86.0,576593
1311,Ted,2012,6.9,62.0,572594
1312,Prometheus,2012,7.0,64.0,570877
1313,The Amazing Spider-Man,2012,6.9,66.0,561870
1314,Looper,2012,7.4,84.0,537117
1315,21 Jump Street,2012,7.2,69.0,513378
1316,The Perks of Being a Wallflower,2012,8.0,67.0,465934
1317,Wreck-It Ralph,2012,7.7,72.0,382905
1318,Brave,2012,7.1,69.0,375917
1319,Flight,2012,7.3,76.0,328027
1320,Moonrise Kingdom,2012,7.8,84.0,321408
1321,Les Misérables,2012,7.6,63.0,310706
1322,The Bourne Legacy,2012,6.6,61.0,286476
1323,Jagten,2012,8.3,77.0,285999
1324,Pitch Perfect,2012,7.1,66.0,278462
1325,Zero Dark Thirty,2012,7.4,95.0,274192
1326,The Place Beyond the Pines,2012,7.3,68.0,248709
1327,Lincoln,2012,7.3,86.0,246366
1328,Seven Psychopaths,2012,7.2,66.0,242725
1329,Chronicle,2012,7.0,69.0,240456
1330,End of Watch,2012,7.6,68.0,229437
1331,Lo imposible,2012,7.6,73.0,202786
1332,The Wolf of Wall Street,2013,8.2,75.0,1204478
1333,Gravity,2013,7.7,96.0,773341
1334,Iron Man Three,2013,7.1,62.0,762193
1335,12 Years a Slave,2013,8.1,96.0,645977
1336,The Hunger Games: Catching Fire,2013,7.5,76.0,616807
1337,Prisoners,2013,8.1,70.0,608155
1338,World War Z,2013,7.0,63.0,605327
1339,The Hobbit: The Desolation of Smaug,2013,7.8,66.0,605198
1340,Frozen,2013,7.4,75.0,576120
1341,Her,2013,8.0,90.0,546239
1342,Pacific Rim,2013,6.9,65.0,467966
1343,Star Trek Into Darkness,2013,7.7,72.0,464656
1344,American Hustle,2013,7.2,90.0,451630
1345,Dallas Buyers Club,2013,8.0,80.0,445848
1346,The Conjuring,2013,7.5,68.0,445609
1347,Rush,2013,8.1,74.0,435999
1348,The Wolverine,2013,6.7,61.0,432400
1349,Captain Phillips,2013,7.8,82.0,424392
1350,Elysium,2013,6.6,61.0,420969
1351,This Is the End,2013,6.6,67.0,386032
1352,Despicable Me 2,2013,7.3,62.0,371843
1353,Furious 6,2013,7.0,61.0,370287
1354,Snowpiercer,2013,7.1,84.0,325840
1355,Monsters University,2013,7.3,65.0,325281
1356,The World's End,2013,7.0,81.0,261443
1357,Don Jon,2013,6.5,66.0,229943
1358,The Wolf of Wall Street,2013,8.2,75.0,1204478
1359,Gravity,2013,7.7,96.0,773341
1360,Iron Man Three,2013,7.1,62.0,762193
1361,12 Years a Slave,2013,8.1,96.0,645977
1362,The Hunger Games: Catching Fire,2013,7.5,76.0,616807
1363,Prisoners,2013,8.1,70.0,608155
1364,World War Z,2013,7.0,63.0,605327
1365,The Hobbit: The Desolation of Smaug,2013,7.8,66.0,605198
1366,Frozen,2013,7.4,75.0,576120
1367,Her,2013,8.0,90.0,546239
1368,Pacific Rim,2013,6.9,65.0,467966
1369,Star Trek Into Darkness,2013,7.7,72.0,464656
1370,American Hustle,2013,7.2,90.0,451630
1371,Dallas Buyers Club,2013,8.0,80.0,445848
1372,The Conjuring,2013,7.5,68.0,445609
1373,Rush,2013,8.1,74.0,435999
1374,The Wolverine,2013,6.7,61.0,432400
1375,Captain Phillips,2013,7.8,82.0,424392
1376,Elysium,2013,6.6,61.0,420969
1377,This Is the End,2013,6.6,67.0,386032
1378,Despicable Me 2,2013,7.3,62.0,371843
1379,Furious 6,2013,7.0,61.0,370287
1380,Snowpiercer,2013,7.1,84.0,325840
1381,Monsters University,2013,7.3,65.0,325281
1382,The World's End,2013,7.0,81.0,261443
1383,Don Jon,2013,6.5,66.0,229943
1384,The Wolf of Wall Street,2013,8.2,75.0,1204478
1385,Gravity,2013,7.7,96.0,773341
1386,Iron Man Three,2013,7.1,62.0,762193
1387,12 Years a Slave,2013,8.1,96.0,645977
1388,The Hunger Games: Catching Fire,2013,7.5,76.0,616807
1389,Prisoners,2013,8.1,70.0,608155
1390,World War Z,2013,7.0,63.0,605327
1391,The Hobbit: The Desolation of Smaug,2013,7.8,66.0,605198
1392,Frozen,2013,7.4,75.0,576120
1393,Her,2013,8.0,90.0,546239
1394,Pacific Rim,2013,6.9,65.0,467966
1395,Star Trek Into Darkness,2013,7.7,72.0,464656
1396,American Hustle,2013,7.2,90.0,451630
1397,Dallas Buyers Club,2013,8.0,80.0,445848
1398,The Conjuring,2013,7.5,68.0,445609
1399,Rush,2013,8.1,74.0,435999
1400,The Wolverine,2013,6.7,61.0,432400
1401,Captain Phillips,2013,7.8,82.0,424392
1402,Elysium,2013,6.6,61.0,420969
1403,This Is the End,2013,6.6,67.0,386032
1404,Despicable Me 2,2013,7.3,62.0,371843
1405,Furious 6,2013,7.0,61.0,370287
1406,Snowpiercer,2013,7.1,84.0,325840
1407,Monsters University,2013,7.3,65.0,325281
1408,The World's End,2013,7.0,81.0,261443
1409,Don Jon,2013,6.5,66.0,229943
1410,The Wolf of Wall Street,2013,8.2,75.0,1204478
1411,Gravity,2013,7.7,96.0,773341
1412,Iron Man Three,2013,7.1,62.0,762193
1413,12 Years a Slave,2013,8.1,96.0,645977
1414,The Hunger Games: Catching Fire,2013,7.5,76.0,616807
1415,Prisoners,2013,8.1,70.0,608155
1416,World War Z,2013,7.0,63.0,605327
1417,The Hobbit: The Desolation of Smaug,2013,7.8,66.0,605198
1418,Frozen,2013,7.4,75.0,576120
1419,Her,2013,8.0,90.0,546239
1420,Pacific Rim,2013,6.9,65.0,467966
1421,Star Trek Into Darkness,2013,7.7,72.0,464656
1422,American Hustle,2013,7.2,90.0,451630
1423,Dallas Buyers Club,2013,8.0,80.0,445848
1424,The Conjuring,2013,7.5,68.0,445609
1425,Rush,2013,8.1,74.0,435999
1426,The Wolverine,2013,6.7,61.0,432400
1427,Captain Phillips,2013,7.8,82.0,424392
1428,Elysium,2013,6.6,61.0,420969
1429,This Is the End,2013,6.6,67.0,386032
1430,Despicable Me 2,2013,7.3,62.0,371843
1431,Furious 6,2013,7.0,61.0,370287
1432,Snowpiercer,2013,7.1,84.0,325840
1433,Monsters University,2013,7.3,65.0,325281
1434,The World's End,2013,7.0,81.0,261443
1435,Don Jon,2013,6.5,66.0,229943
1436,Interstellar,2014,8.6,74.0,1531543
1437,Guardians of the Galaxy,2014,8.0,76.0,1051870
1438,Gone Girl,2014,8.1,79.0,870175
1439,Captain America: The Winter Soldier,2014,7.7,70.0,743557
1440,Whiplash,2014,8.5,88.0,726643
1441,The Grand Budapest Hotel,2014,8.1,88.0,716276
1442,The Imitation Game,2014,8.0,73.0,691421
1443,X-Men: Days of Future Past,2014,7.9,75.0,663983
1444,Edge of Tomorrow,2014,7.9,71.0,604521
1445,Birdman or (The Unexpected Virtue of Ignorance),2014,7.7,87.0,584464
1446,John Wick,2014,7.4,68.0,544656
1447,Ex Machina,2014,7.7,78.0,478063
1448,Nightcrawler,2014,7.9,76.0,472162
1449,Lucy,2014,6.4,61.0,450277
1450,American Sniper,2014,7.3,72.0,442785
1451,Fury,2014,7.6,64.0,430906
1452,The Hunger Games: Mockingjay - Part 1,2014,6.6,64.0,416725
1453,Big Hero 6,2014,7.8,74.0,414145
1454,Dawn of the Planet of the Apes,2014,7.6,79.0,413318
1455,The Theory of Everything,2014,7.7,72.0,408121
1456,Godzilla,2014,6.4,62.0,380414
1457,22 Jump Street,2014,7.0,71.0,347784
1458,The Fault in Our Stars,2014,7.7,69.0,346581
1459,Boyhood,2014,7.9,100.0,337114
1460,The Lego Movie,2014,7.7,83.0,325461
1461,How to Train Your Dragon 2,2014,7.8,76.0,307696
1462,Neighbors,2014,6.3,68.0,288849
1463,Predestination,2014,7.5,69.0,254918
1464,Noah,2014,5.7,68.0,244179
1465,It Follows,2014,6.8,83.0,212314
1466,The Babadook,2014,6.8,86.0,198744
1467,Interstellar,2014,8.6,74.0,1531543
1468,Guardians of the Galaxy,2014,8.0,76.0,1051870
1469,Gone Girl,2014,8.1,79.0,870175
1470,Captain America: The Winter Soldier,2014,7.7,70.0,743557
1471,Whiplash,2014,8.5,88.0,726643
1472,The Grand Budapest Hotel,2014,8.1,88.0,716276
1473,The Imitation Game,2014,8.0,73.0,691421
1474,X-Men: Days of Future Past,2014,7.9,75.0,663983
1475,Edge of Tomorrow,2014,7.9,71.0,604521
1476,Birdman or (The Unexpected Virtue of Ignorance),2014,7.7,87.0,584464
1477,John Wick,2014,7.4,68.0,544656
1478,Ex Machina,2014,7.7,78.0,478063
1479,Nightcrawler,2014,7.9,76.0,472162
1480,Lucy,2014,6.4,61.0,450277
1481,American Sniper,2014,7.3,72.0,442785
1482,Fury,2014,7.6,64.0,430906
1483,The Hunger Games: Mockingjay - Part 1,2014,6.6,64.0,416725
1484,Big Hero 6,2014,7.8,74.0,414145
1485,Dawn of the Planet of the Apes,2014,7.6,79.0,413318
1486,The Theory of Everything,2014,7.7,72.0,408121
1487,Godzilla,2014,6.4,62.0,380414
1488,22 Jump Street,2014,7.0,71.0,347784
1489,The Fault in Our Stars,2014,7.7,69.0,346581
1490,Boyhood,2014,7.9,100.0,337114
1491,The Lego Movie,2014,7.7,83.0,325461
1492,How to Train Your Dragon 2,2014,7.8,76.0,307696
1493,Neighbors,2014,6.3,68.0,288849
1494,Predestination,2014,7.5,69.0,254918
1495,Noah,2014,5.7,68.0,244179
1496,It Follows,2014,6.8,83.0,212314
1497,The Babadook,2014,6.8,86.0,198744
1498,Interstellar,2014,8.6,74.0,1531543
1499,Guardians of the Galaxy,2014,8.0,76.0,1051870
1500,Gone Girl,2014,8.1,79.0,870175
1501,Captain America: The Winter Soldier,2014,7.7,70.0,743557
1502,Whiplash,2014,8.5,88.0,726643
1503,The Grand Budapest Hotel,2014,8.1,88.0,716276
1504,The Imitation Game,2014,8.0,73.0,691421
1505,X-Men: Days of Future Past,2014,7.9,75.0,663983
1506,Edge of Tomorrow,2014,7.9,71.0,604521
1507,Birdman or (The Unexpected Virtue of Ignorance),2014,7.7,87.0,584464
1508,John Wick,2014,7.4,68.0,544656
1509,Ex Machina,2014,7.7,78.0,478063
1510,Nightcrawler,2014,7.9,76.0,472162
1511,Lucy,2014,6.4,61.0,450277
1512,American Sniper,2014,7.3,72.0,442785
1513,Fury,2014,7.6,64.0,430906
1514,The Hunger Games: Mockingjay - Part 1,2014,6.6,64.0,416725
1515,Big Hero 6,2014,7.8,74.0,414145
1516,Dawn of the Planet of the Apes,2014,7.6,79.0,413318
1517,The Theory of Everything,2014,7.7,72.0,408121
1518,Godzilla,2014,6.4,62.0,380414
1519,22 Jump Street,2014,7.0,71.0,347784
1520,The Fault in Our Stars,2014,7.7,69.0,346581
1521,Boyhood,2014,7.9,100.0,337114
1522,The Lego Movie,2014,7.7,83.0,325461
1523,How to Train Your Dragon 2,2014,7.8,76.0,307696
1524,Neighbors,2014,6.3,68.0,288849
1525,Predestination,2014,7.5,69.0,254918
1526,Noah,2014,5.7,68.0,244179
1527,It Follows,2014,6.8,83.0,212314
1528,The Babadook,2014,6.8,86.0,198744
1529,Interstellar,2014,8.6,74.0,1531543
1530,Guardians of the Galaxy,2014,8.0,76.0,1051870
1531,Gone Girl,2014,8.1,79.0,870175
1532,Captain America: The Winter Soldier,2014,7.7,70.0,743557
1533,Whiplash,2014,8.5,88.0,726643
1534,The Grand Budapest Hotel,2014,8.1,88.0,716276
1535,The Imitation Game,2014,8.0,73.0,691421
1536,X-Men: Days of Future Past,2014,7.9,75.0,663983
1537,Edge of Tomorrow,2014,7.9,71.0,604521
1538,Birdman or (The Unexpected Virtue of Ignorance),2014,7.7,87.0,584464
1539,John Wick,2014,7.4,68.0,544656
1540,Ex Machina,2014,7.7,78.0,478063
1541,Nightcrawler,2014,7.9,76.0,472162
1542,Lucy,2014,6.4,61.0,450277
1543,American Sniper,2014,7.3,72.0,442785
1544,Fury,2014,7.6,64.0,430906
1545,The Hunger Games: Mockingjay - Part 1,2014,6.6,64.0,416725
1546,Big Hero 6,2014,7.8,74.0,414145
1547,Dawn of the Planet of the Apes,2014,7.6,79.0,413318
1548,The Theory of Everything,2014,7.7,72.0,408121
1549,Godzilla,2014,6.4,62.0,380414
1550,22 Jump Street,2014,7.0,71.0,347784
1551,The Fault in Our Stars,2014,7.7,69.0,346581
1552,Boyhood,2014,7.9,100.0,337114
1553,The Lego Movie,2014,7.7,83.0,325461
1554,How to Train Your Dragon 2,2014,7.8,76.0,307696
1555,Neighbors,2014,6.3,68.0,288849
1556,Predestination,2014,7.5,69.0,254918
1557,Noah,2014,5.7,68.0,244179
1558,It Follows,2014,6.8,83.0,212314
1559,The Babadook,2014,6.8,86.0,198744
1560,Mad Max: Fury Road,2015,8.1,90.0,890457
1561,Star Wars: Episode VII - The Force Awakens,2015,7.9,80.0,865486
1562,The Martian,2015,8.0,80.0,766930
1563,Avengers: Age of Ultron,2015,7.3,66.0,754564
1564,The Revenant,2015,8.0,76.0,712726
1565,Inside Out,2015,8.1,94.0,623726
1566,Ant-Man,2015,7.3,64.0,576996
1567,The Hateful Eight,2015,7.8,68.0,523201
1568,Spotlight,2015,8.1,93.0,424898
1569,Room,2015,8.1,86.0,376047
1570,Sicario,2015,7.6,82.0,375129
1571,The Big Short,2015,7.8,81.0,370046
1572,Fast & Furious 7,2015,7.1,67.0,361465
1573,Mission: Impossible - Rogue Nation,2015,7.4,75.0,344288
1574,Bridge of Spies,2015,7.6,81.0,290096
1575,The Hunger Games: Mockingjay - Part 2,2015,6.6,65.0,289577
1576,Creed,2015,7.6,82.0,249431
1577,Spy,2015,7.0,75.0,231113
1578,The Lobster,2015,7.2,82.0,222624
1579,The VVitch: A New-England Folktale,2015,6.9,83.0,207710
1580,Everest,2015,7.1,64.0,198708
1581,Straight Outta Compton,2015,7.8,72.0,180377
1582,Black Mass,2015,6.9,68.0,168934
1583,The Danish Girl,2015,7.1,66.0,165772
1584,Cinderella,2015,6.9,67.0,162252
1585,Steve Jobs,2015,7.2,82.0,155571
1586,Mad Max: Fury Road,2015,8.1,90.0,890457
1587,Star Wars: Episode VII - The Force Awakens,2015,7.9,80.0,865486
1588,The Martian,2015,8.0,80.0,766930
1589,Avengers: Age of Ultron,2015,7.3,66.0,754564
1590,The Revenant,2015,8.0,76.0,712726
1591,Inside Out,2015,8.1,94.0,623726
1592,Ant-Man,2015,7.3,64.0,576996
1593,The Hateful Eight,2015,7.8,68.0,523201
1594,Spotlight,2015,8.1,93.0,424898
1595,Room,2015,8.1,86.0,376047
1596,Sicario,2015,7.6,82.0,375129
1597,The Big Short,2015,7.8,81.0,370046
1598,Fast & Furious 7,2015,7.1,67.0,361465
1599,Mission: Impossible - Rogue Nation,2015,7.4,75.0,344288
1600,Bridge of Spies,2015,7.6,81.0,290096
1601,The Hunger Games: Mockingjay - Part 2,2015,6.6,65.0,289577
1602,Creed,2015,7.6,82.0,249431
1603,Spy,2015,7.0,75.0,231113
1604,The Lobster,2015,7.2,82.0,222624
1605,The VVitch: A New-England Folktale,2015,6.9,83.0,207710
1606,Everest,2015,7.1,64.0,198708
1607,Straight Outta Compton,2015,7.8,72.0,180377
1608,Black Mass,2015,6.9,68.0,168934
1609,The Danish Girl,2015,7.1,66.0,165772
1610,Cinderella,2015,6.9,67.0,162252
1611,Steve Jobs,2015,7.2,82.0,155571
1612,Mad Max: Fury Road,2015,8.1,90.0,890457
1613,Star Wars: Episode VII - The Force Awakens,2015,7.9,80.0,865486
1614,The Martian,2015,8.0,80.0,766930
1615,Avengers: Age of Ultron,2015,7.3,66.0,754564
1616,The Revenant,2015,8.0,76.0,712726
1617,Inside Out,2015,8.1,94.0,623726
1618,Ant-Man,2015,7.3,64.0,576996
1619,The Hateful Eight,2015,7.8,68.0,523201
1620,Spotlight,2015,8.1,93.0,424898
1621,Room,2015,8.1,86.0,376047
1622,Sicario,2015,7.6,82.0,375129
1623,The Big Short,2015,7.8,81.0,370046
1624,Fast & Furious 7,2015,7.1,67.0,361465
1625,Mission: Impossible - Rogue Nation,2015,7.4,75.0,344288
1626,Bridge of Spies,2015,7.6,81.0,290096
1627,The Hunger Games: Mockingjay - Part 2,2015,6.6,65.0,289577
1628,Creed,2015,7.6,82.0,249431
1629,Spy,2015,7.0,75.0,231113
1630,The Lobster,2015,7.2,82.0,222624
1631,The VVitch: A New-England Folktale,2015,6.9,83.0,207710
1632,Everest,2015,7.1,64.0,198708
1633,Straight Outta Compton,2015,7.8,72.0,180377
1634,Black Mass,2015,6.9,68.0,168934
1635,The Danish Girl,2015,7.1,66.0,165772
1636,Cinderella,2015,6.9,67.0,162252
1637,Steve Jobs,2015,7.2,82.0,155571
1638,Mad Max: Fury Road,2015,8.1,90.0,890457
1639,Star Wars: Episode VII - The Force Awakens,2015,7.9,80.0,865486
1640,The Martian,2015,8.0,80.0,766930
1641,Avengers: Age of Ultron,2015,7.3,66.0,754564
1642,The Revenant,2015,8.0,76.0,712726
1643,Inside Out,2015,8.1,94.0,623726
1644,Ant-Man,2015,7.3,64.0,576996
1645,The Hateful Eight,2015,7.8,68.0,523201
1646,Spotlight,2015,8.1,93.0,424898
1647,Room,2015,8.1,86.0,376047
1648,Sicario,2015,7.6,82.0,375129
1649,The Big Short,2015,7.8,81.0,370046
1650,Fast & Furious 7,2015,7.1,67.0,361465
1651,Mission: Impossible - Rogue Nation,2015,7.4,75.0,344288
1652,Bridge of Spies,2015,7.6,81.0,290096
1653,The Hunger Games: Mockingjay - Part 2,2015,6.6,65.0,289577
1654,Creed,2015,7.6,82.0,249431
1655,Spy,2015,7.0,75.0,231113
1656,The Lobster,2015,7.2,82.0,222624
1657,The VVitch: A New-England Folktale,2015,6.9,83.0,207710
1658,Everest,2015,7.1,64.0,198708
1659,Straight Outta Compton,2015,7.8,72.0,180377
1660,Black Mass,2015,6.9,68.0,168934
1661,The Danish Girl,2015,7.1,66.0,165772
1662,Cinderella,2015,6.9,67.0,162252
1663,Steve Jobs,2015,7.2,82.0,155571
1664,Deadpool,2016,8.0,65.0,910890
1665,Captain America: Civil War,2016,7.8,75.0,671896
1666,Doctor Strange,2016,7.5,72.0,606286
1667,Arrival,2016,7.9,81.0,600949
1668,Rogue One,2016,7.8,65.0,561159
1669,La La Land,2016,8.0,94.0,512139
1670,Hacksaw Ridge,2016,8.1,71.0,441981
1671,Zootopia,2016,8.0,78.0,438297
1672,Split,2016,7.3,62.0,431272
1673,Fantastic Beasts and Where to Find Them,2016,7.3,66.0,414061
1674,10 Cloverfield Lane,2016,7.2,76.0,293109
1675,The Nice Guys,2016,7.4,70.0,283833
1676,Moonlight,2016,7.4,99.0,276917
1677,Moana,2016,7.6,81.0,276817
1678,The Jungle Book,2016,7.4,77.0,260385
1679,Manchester by the Sea,2016,7.8,96.0,250037
1680,Finding Dory,2016,7.3,77.0,243167
1681,Nocturnal Animals,2016,7.5,67.0,241920
1682,Sully,2016,7.4,74.0,241066
1683,Star Trek Beyond,2016,7.1,68.0,229911
1684,The Conjuring 2,2016,7.3,65.0,227886
1685,Don't Breathe,2016,7.1,71.0,224821
1686,Lion,2016,8.0,69.0,216269
1687,Hell or High Water,2016,7.6,88.0,206034
1688,Hidden Figures,2016,7.8,74.0,203449
1689,Kimi no na wa.,2016,8.4,79.0,200751
1690,Captain Fantastic,2016,7.9,72.0,192901
1691,The Secret Life of Pets,2016,6.5,61.0,184220
1692,Sausage Party,2016,6.1,66.0,177281
1693,Busanhaeng,2016,7.6,72.0,169680
1694,Deadpool,2016,8.0,65.0,910890
1695,Captain America: Civil War,2016,7.8,75.0,671896
1696,Doctor Strange,2016,7.5,72.0,606286
1697,Arrival,2016,7.9,81.0,600949
1698,Rogue One,2016,7.8,65.0,561159
1699,La La Land,2016,8.0,94.0,512139
1700,Hacksaw Ridge,2016,8.1,71.0,441981
1701,Zootopia,2016,8.0,78.0,438297
1702,Split,2016,7.3,62.0,431272
1703,Fantastic Beasts and Where to Find Them,2016,7.3,66.0,414061
1704,10 Cloverfield Lane,2016,7.2,76.0,293109
1705,The Nice Guys,2016,7.4,70.0,283833
1706,Moonlight,2016,7.4,99.0,276917
1707,Moana,2016,7.6,81.0,276817
1708,The Jungle Book,2016,7.4,77.0,260385
1709,Manchester by the Sea,2016,7.8,96.0,250037
1710,Finding Dory,2016,7.3,77.0,243167
1711,Nocturnal Animals,2016,7.5,67.0,241920
1712,Sully,2016,7.4,74.0,241066
1713,Star Trek Beyond,2016,7.1,68.0,229911
1714,The Conjuring 2,2016,7.3,65.0,227886
1715,Don't Breathe,2016,7.1,71.0,224821
1716,Lion,2016,8.0,69.0,216269
1717,Hell or High Water,2016,7.6,88.0,206034
1718,Hidden Figures,2016,7.8,74.0,203449
1719,Kimi no na wa.,2016,8.4,79.0,200751
1720,Captain Fantastic,2016,7.9,72.0,192901
1721,The Secret Life of Pets,2016,6.5,61.0,184220
1722,Sausage Party,2016,6.1,66.0,177281
1723,Busanhaeng,2016,7.6,72.0,169680
1724,Deadpool,2016,8.0,65.0,910890
1725,Captain America: Civil War,2016,7.8,75.0,671896
1726,Doctor Strange,2016,7.5,72.0,606286
1727,Arrival,2016,7.9,81.0,600949
1728,Rogue One,2016,7.8,65.0,561159
1729,La La Land,2016,8.0,94.0,512139
1730,Hacksaw Ridge,2016,8.1,71.0,441981
1731,Zootopia,2016,8.0,78.0,438297
1732,Split,2016,7.3,62.0,431272
1733,Fantastic Beasts and Where to Find Them,2016,7.3,66.0,414061
1734,10 Cloverfield Lane,2016,7.2,76.0,293109
1735,The Nice Guys,2016,7.4,70.0,283833
1736,Moonlight,2016,7.4,99.0,276917
1737,Moana,2016,7.6,81.0,276817
1738,The Jungle Book,2016,7.4,77.0,260385
1739,Manchester by the Sea,2016,7.8,96.0,250037
1740,Finding Dory,2016,7.3,77.0,243167
1741,Nocturnal Animals,2016,7.5,67.0,241920
1742,Sully,2016,7.4,74.0,241066
1743,Star Trek Beyond,2016,7.1,68.0,229911
1744,The Conjuring 2,2016,7.3,65.0,227886
1745,Don't Breathe,2016,7.1,71.0,224821
1746,Lion,2016,8.0,69.0,216269
1747,Hell or High Water,2016,7.6,88.0,206034
1748,Hidden Figures,2016,7.8,74.0,203449
1749,Kimi no na wa.,2016,8.4,79.0,200751
1750,Captain Fantastic,2016,7.9,72.0,192901
1751,The Secret Life of Pets,2016,6.5,61.0,184220
1752,Sausage Party,2016,6.1,66.0,177281
1753,Busanhaeng,2016,7.6,72.0,169680
1754,Deadpool,2016,8.0,65.0,910890
1755,Captain America: Civil War,2016,7.8,75.0,671896
1756,Doctor Strange,2016,7.5,72.0,606286
1757,Arrival,2016,7.9,81.0,600949
1758,Rogue One,2016,7.8,65.0,561159
1759,La La Land,2016,8.0,94.0,512139
1760,Hacksaw Ridge,2016,8.1,71.0,441981
1761,Zootopia,2016,8.0,78.0,438297
1762,Split,2016,7.3,62.0,431272
1763,Fantastic Beasts and Where to Find Them,2016,7.3,66.0,414061
1764,10 Cloverfield Lane,2016,7.2,76.0,293109
1765,The Nice Guys,2016,7.4,70.0,283833
1766,Moonlight,2016,7.4,99.0,276917
1767,Moana,2016,7.6,81.0,276817
1768,The Jungle Book,2016,7.4,77.0,260385
1769,Manchester by the Sea,2016,7.8,96.0,250037
1770,Finding Dory,2016,7.3,77.0,243167
1771,Nocturnal Animals,2016,7.5,67.0,241920
1772,Sully,2016,7.4,74.0,241066
1773,Star Trek Beyond,2016,7.1,68.0,229911
1774,The Conjuring 2,2016,7.3,65.0,227886
1775,Don't Breathe,2016,7.1,71.0,224821
1776,Lion,2016,8.0,69.0,216269
1777,Hell or High Water,2016,7.6,88.0,206034
1778,Hidden Figures,2016,7.8,74.0,203449
1779,Kimi no na wa.,2016,8.4,79.0,200751
1780,Captain Fantastic,2016,7.9,72.0,192901
1781,The Secret Life of Pets,2016,6.5,61.0,184220
1782,Sausage Party,2016,6.1,66.0,177281
1783,Busanhaeng,2016,7.6,72.0,169680
1784,Logan,2017,8.1,77.0,655184
1785,Thor: Ragnarok,2017,7.9,74.0,598070
1786,Guardians of the Galaxy Vol. 2,2017,7.6,67.0,577083
1787,Wonder Woman,2017,7.4,76.0,575865
1788,Star Wars: Episode VIII - The Last Jedi,2017,7.0,84.0,570019
1789,Dunkirk,2017,7.8,94.0,562925
1790,Spider-Man: Homecoming,2017,7.4,73.0,520700
1791,Get Out,2017,7.7,85.0,499350
1792,Blade Runner 2049,2017,8.0,81.0,468966
1793,It,2017,7.3,69.0,463725
1794,Baby Driver,2017,7.6,86.0,445218
1795,"Three Billboards Outside Ebbing, Missouri",2017,8.1,88.0,440186
1796,Coco,2017,8.4,81.0,393589
1797,The Shape of Water,2017,7.3,87.0,375888
1798,John Wick: Chapter 2,2017,7.5,75.0,371048
1799,Beauty and the Beast,2017,7.1,65.0,277078
1800,Kong: Skull Island,2017,6.6,62.0,275120
1801,Alien: Covenant,2017,6.4,65.0,256198
1802,Lady Bird,2017,7.4,94.0,245688
1803,War for the Planet of the Apes,2017,7.4,82.0,229737
1804,Call Me by Your Name,2017,7.9,93.0,217592
1805,Wind River,2017,7.7,73.0,209819
1806,Mother!,2017,6.6,75.0,193446
1807,"I, Tonya",2017,7.5,77.0,185013
1808,Atomic Blonde,2017,6.7,63.0,177565
1809,Darkest Hour,2017,7.4,75.0,174341
1810,American Made,2017,7.2,65.0,160119
1811,Logan,2017,8.1,77.0,655184
1812,Thor: Ragnarok,2017,7.9,74.0,598070
1813,Guardians of the Galaxy Vol. 2,2017,7.6,67.0,577083
1814,Wonder Woman,2017,7.4,76.0,575865
1815,Star Wars: Episode VIII - The Last Jedi,2017,7.0,84.0,570019
1816,Dunkirk,2017,7.8,94.0,562925
1817,Spider-Man: Homecoming,2017,7.4,73.0,520700
1818,Get Out,2017,7.7,85.0,499350
1819,Blade Runner 2049,2017,8.0,81.0,468966
1820,It,2017,7.3,69.0,463725
1821,Baby Driver,2017,7.6,86.0,445218
1822,"Three Billboards Outside Ebbing, Missouri",2017,8.1,88.0,440186
1823,Coco,2017,8.4,81.0,393589
1824,The Shape of Water,2017,7.3,87.0,375888
1825,John Wick: Chapter 2,2017,7.5,75.0,371048
1826,Beauty and the Beast,2017,7.1,65.0,277078
1827,Kong: Skull Island,2017,6.6,62.0,275120
1828,Alien: Covenant,2017,6.4,65.0,256198
1829,Lady Bird,2017,7.4,94.0,245688
1830,War for the Planet of the Apes,2017,7.4,82.0,229737
1831,Call Me by Your Name,2017,7.9,93.0,217592
1832,Wind River,2017,7.7,73.0,209819
1833,Mother!,2017,6.6,75.0,193446
1834,"I, Tonya",2017,7.5,77.0,185013
1835,Atomic Blonde,2017,6.7,63.0,177565
1836,Darkest Hour,2017,7.4,75.0,174341
1837,American Made,2017,7.2,65.0,160119
1838,Logan,2017,8.1,77.0,655184
1839,Thor: Ragnarok,2017,7.9,74.0,598070
1840,Guardians of the Galaxy Vol. 2,2017,7.6,67.0,577083
1841,Wonder Woman,2017,7.4,76.0,575865
1842,Star Wars: Episode VIII - The Last Jedi,2017,7.0,84.0,570019
1843,Dunkirk,2017,7.8,94.0,562925
1844,Spider-Man: Homecoming,2017,7.4,73.0,520700
1845,Get Out,2017,7.7,85.0,499350
1846,Blade Runner 2049,2017,8.0,81.0,468966
1847,It,2017,7.3,69.0,463725
1848,Baby Driver,2017,7.6,86.0,445218
1849,"Three Billboards Outside Ebbing, Missouri",2017,8.1,88.0,440186
1850,Coco,2017,8.4,81.0,393589
1851,The Shape of Water,2017,7.3,87.0,375888
1852,John Wick: Chapter 2,2017,7.5,75.0,371048
1853,Beauty and the Beast,2017,7.1,65.0,277078
1854,Kong: Skull Island,2017,6.6,62.0,275120
1855,Alien: Covenant,2017,6.4,65.0,256198
1856,Lady Bird,2017,7.4,94.0,245688
1857,War for the Planet of the Apes,2017,7.4,82.0,229737
1858,Call Me by Your Name,2017,7.9,93.0,217592
1859,Wind River,2017,7.7,73.0,209819
1860,Mother!,2017,6.6,75.0,193446
1861,"I, Tonya",2017,7.5,77.0,185013
1862,Atomic Blonde,2017,6.7,63.0,177565
1863,Darkest Hour,2017,7.4,75.0,174341
1864,American Made,2017,7.2,65.0,160119
1865,Logan,2017,8.1,77.0,655184
1866,Thor: Ragnarok,2017,7.9,74.0,598070
1867,Guardians of the Galaxy Vol. 2,2017,7.6,67.0,577083
1868,Wonder Woman,2017,7.4,76.0,575865
1869,Star Wars: Episode VIII - The Last Jedi,2017,7.0,84.0,570019
1870,Dunkirk,2017,7.8,94.0,562925
1871,Spider-Man: Homecoming,2017,7.4,73.0,520700
1872,Get Out,2017,7.7,85.0,499350
1873,Blade Runner 2049,2017,8.0,81.0,468966
1874,It,2017,7.3,69.0,463725
1875,Baby Driver,2017,7.6,86.0,445218
1876,"Three Billboards Outside Ebbing, Missouri",2017,8.1,88.0,440186
1877,Coco,2017,8.4,81.0,393589
1878,The Shape of Water,2017,7.3,87.0,375888
1879,John Wick: Chapter 2,2017,7.5,75.0,371048
1880,Beauty and the Beast,2017,7.1,65.0,277078
1881,Kong: Skull Island,2017,6.6,62.0,275120
1882,Alien: Covenant,2017,6.4,65.0,256198
1883,Lady Bird,2017,7.4,94.0,245688
1884,War for the Planet of the Apes,2017,7.4,82.0,229737
1885,Call Me by Your Name,2017,7.9,93.0,217592
1886,Wind River,2017,7.7,73.0,209819
1887,Mother!,2017,6.6,75.0,193446
1888,"I, Tonya",2017,7.5,77.0,185013
1889,Atomic Blonde,2017,6.7,63.0,177565
1890,Darkest Hour,2017,7.4,75.0,174341
1891,American Made,2017,7.2,65.0,160119
